{"vae": {"train_loss": [0.4114462435245514, 0.3966415598988533, 0.38916798681020737, 0.37694936990737915, 0.363223135471344, 0.3493991270661354, 0.33741284906864166, 0.33291561901569366, 0.3152298629283905, 0.2986878305673599, 0.39876898378133774, 0.3297581672668457, 0.3246914967894554, 0.33018768578767776, 0.34699495881795883, 0.37775033712387085, 0.4291091188788414, 0.49835892766714096, 0.6003003716468811, 0.7290388643741608, 0.8961667865514755, 1.10141322016716, 1.3301770389080048, 1.5658884048461914, 1.795593649148941, 2.0032021701335907, 2.170781433582306, 2.303752362728119, 2.4081810116767883, 2.4779274463653564, 2.528382420539856, 2.565378427505493, 2.5877148509025574, 2.605172276496887, 2.6187210083007812, 2.626505970954895, 2.6307727694511414, 2.634257972240448, 2.635982036590576, 2.6376518607139587, 2.6370869278907776, 2.6401023268699646, 2.6393802762031555, 2.6387065649032593, 2.6393157839775085, 2.6395610570907593, 2.6396849751472473, 2.638740122318268, 2.6398746371269226, 2.640775203704834], "val_loss": [0.4629271924495697, 0.45601847767829895, 0.44535312056541443, 0.45423033833503723, 0.47621697187423706, 0.5035654902458191, 0.5410720705986023, 0.4657750129699707, 0.4639839231967926, 0.4516890347003937, 0.48264795541763306, 0.4447695314884186, 0.43515920639038086, 0.44664764404296875, 0.5120030045509338, 0.5256208181381226, 0.594133198261261, 0.640283465385437, 0.7664580345153809, 0.8750381469726562, 1.062880516052246, 1.2421032190322876, 1.4925576448440552, 1.731801986694336, 1.9553024768829346, 2.163498640060425, 2.343111038208008, 2.4796791076660156, 2.5770771503448486, 2.6517889499664307, 2.70723557472229, 2.7399654388427734, 2.754368782043457, 2.7627601623535156, 2.778872013092041, 2.786529541015625, 2.7942023277282715, 2.7960755825042725, 2.798705816268921, 2.8022379875183105, 2.8029682636260986, 2.8036088943481445, 2.8025457859039307, 2.803468704223633, 2.8055975437164307, 2.8087215423583984, 2.8104958534240723, 2.8093526363372803, 2.812922239303589, 2.8094122409820557], "train_components": [{"recon": 1.0826626271009445, "vae_recon": 0.4114462435245514, "kl": 2.4695380330085754, "temporal": 0.23394963890314102, "aggregate": 0.0}, {"recon": 0.42607081681489944, "vae_recon": 0.3966415598988533, "kl": 6.258418560028076, "temporal": 0.18865690007805824, "aggregate": 0.0}, {"recon": 0.4507554993033409, "vae_recon": 0.38916798681020737, "kl": 13.981851816177368, "temporal": 0.20402038842439651, "aggregate": 0.0}, {"recon": 0.4357781708240509, "vae_recon": 0.37694936990737915, "kl": 14.905391216278076, "temporal": 0.20103523507714272, "aggregate": 0.0}, {"recon": 0.47655297070741653, "vae_recon": 0.363223135471344, "kl": 13.135776042938232, "temporal": 0.1805916763842106, "aggregate": 0.0}, {"recon": 0.5240998864173889, "vae_recon": 0.3493991270661354, "kl": 21.921510696411133, "temporal": 0.18259766325354576, "aggregate": 0.0}, {"recon": 0.504090815782547, "vae_recon": 0.33741284906864166, "kl": 35.57958698272705, "temporal": 0.18262451142072678, "aggregate": 0.0}, {"recon": 0.44446877390146255, "vae_recon": 0.33291561901569366, "kl": 36.530640602111816, "temporal": 0.17445757612586021, "aggregate": 0.0}, {"recon": 0.41323891282081604, "vae_recon": 0.3152298629283905, "kl": 24.212899684906006, "temporal": 0.17662815004587173, "aggregate": 0.0}, {"recon": 0.407183974981308, "vae_recon": 0.2986878305673599, "kl": 21.894428253173828, "temporal": 0.17519860342144966, "aggregate": 0.0}, {"recon": 0.41681013256311417, "vae_recon": 0.28271999955177307, "kl": 17.339245080947876, "temporal": 0.1725953407585621, "aggregate": 0.0}, {"recon": 0.43445922434329987, "vae_recon": 0.28543486446142197, "kl": 4.453795790672302, "temporal": 0.17132309079170227, "aggregate": 0.0}, {"recon": 0.4490960165858269, "vae_recon": 0.28830062970519066, "kl": 2.463164448738098, "temporal": 0.17140695452690125, "aggregate": 0.0}, {"recon": 0.45128321647644043, "vae_recon": 0.27580835670232773, "kl": 2.4851998686790466, "temporal": 0.17172794789075851, "aggregate": 0.0}, {"recon": 0.4405864402651787, "vae_recon": 0.2684530280530453, "kl": 2.4319801330566406, "temporal": 0.17107593640685081, "aggregate": 0.0}, {"recon": 0.4294304996728897, "vae_recon": 0.2636028230190277, "kl": 2.4068616032600403, "temporal": 0.17081348598003387, "aggregate": 0.0}, {"recon": 0.4230227917432785, "vae_recon": 0.2629825621843338, "kl": 2.4028108716011047, "temporal": 0.17093374952673912, "aggregate": 0.0}, {"recon": 0.4240628033876419, "vae_recon": 0.2588353119790554, "kl": 2.4012274742126465, "temporal": 0.170990202575922, "aggregate": 0.0}, {"recon": 0.43084485083818436, "vae_recon": 0.2598416656255722, "kl": 2.400113821029663, "temporal": 0.1708616092801094, "aggregate": 0.0}, {"recon": 0.4339152052998543, "vae_recon": 0.2529221251606941, "kl": 2.406865358352661, "temporal": 0.17055050283670425, "aggregate": 0.0}, {"recon": 0.434737429022789, "vae_recon": 0.25070731341838837, "kl": 2.4000000953674316, "temporal": 0.17057538405060768, "aggregate": 0.0}, {"recon": 0.43452390283346176, "vae_recon": 0.25098834186792374, "kl": 2.4000000953674316, "temporal": 0.1711055524647236, "aggregate": 0.0}, {"recon": 0.43354538083076477, "vae_recon": 0.24977857992053032, "kl": 2.4000000953674316, "temporal": 0.17113865166902542, "aggregate": 0.0}, {"recon": 0.43084244430065155, "vae_recon": 0.24559592455625534, "kl": 2.4012564420700073, "temporal": 0.17052588984370232, "aggregate": 0.0}, {"recon": 0.4307796135544777, "vae_recon": 0.24585221707820892, "kl": 2.4002575874328613, "temporal": 0.17085473239421844, "aggregate": 0.0}, {"recon": 0.43204303830862045, "vae_recon": 0.24866149201989174, "kl": 2.4000000953674316, "temporal": 0.1712966114282608, "aggregate": 0.0}, {"recon": 0.4308667704463005, "vae_recon": 0.2452590987086296, "kl": 2.4003503918647766, "temporal": 0.1707443818449974, "aggregate": 0.0}, {"recon": 0.4311826303601265, "vae_recon": 0.2441949024796486, "kl": 2.4000000953674316, "temporal": 0.17063158750534058, "aggregate": 0.0}, {"recon": 0.4336398020386696, "vae_recon": 0.24750839546322823, "kl": 2.4000821709632874, "temporal": 0.1714312955737114, "aggregate": 0.0}, {"recon": 0.43081366270780563, "vae_recon": 0.24385960400104523, "kl": 2.4000000953674316, "temporal": 0.17051498964428902, "aggregate": 0.0}, {"recon": 0.4314916878938675, "vae_recon": 0.24220435321331024, "kl": 2.4000000953674316, "temporal": 0.1708408072590828, "aggregate": 0.0}, {"recon": 0.43155207484960556, "vae_recon": 0.2428608275949955, "kl": 2.400027632713318, "temporal": 0.1705317273736, "aggregate": 0.0}, {"recon": 0.4312508553266525, "vae_recon": 0.2402297742664814, "kl": 2.4000000953674316, "temporal": 0.17056656628847122, "aggregate": 0.0}, {"recon": 0.4317886531352997, "vae_recon": 0.24062981456518173, "kl": 2.4000000953674316, "temporal": 0.1702292375266552, "aggregate": 0.0}, {"recon": 0.4317162334918976, "vae_recon": 0.24260521307587624, "kl": 2.4000000953674316, "temporal": 0.17058220133185387, "aggregate": 0.0}, {"recon": 0.4324970617890358, "vae_recon": 0.24256864935159683, "kl": 2.4000000953674316, "temporal": 0.17087136581540108, "aggregate": 0.0}, {"recon": 0.4326343461871147, "vae_recon": 0.2415606454014778, "kl": 2.4000032544136047, "temporal": 0.17064796388149261, "aggregate": 0.0}, {"recon": 0.43205199390649796, "vae_recon": 0.24150224030017853, "kl": 2.4000000953674316, "temporal": 0.1704539731144905, "aggregate": 0.0}, {"recon": 0.430758461356163, "vae_recon": 0.2408425658941269, "kl": 2.4000000953674316, "temporal": 0.17042699828743935, "aggregate": 0.0}, {"recon": 0.43201688677072525, "vae_recon": 0.24091217294335365, "kl": 2.4000000953674316, "temporal": 0.17081278190016747, "aggregate": 0.0}, {"recon": 0.4310595542192459, "vae_recon": 0.23927337303757668, "kl": 2.4000000953674316, "temporal": 0.17049617692828178, "aggregate": 0.0}, {"recon": 0.43265166133642197, "vae_recon": 0.24156830087304115, "kl": 2.4000000953674316, "temporal": 0.170670498162508,