{"vae": {"train_loss": [840.0847702026367, 200.68641090393066, 78.70868682861328, 51.22669696807861, 33.341087341308594, 34.001638412475586, 33.260531425476074, 32.04361867904663, 29.800578594207764, 35.13793468475342, 39.331788063049316, 42.62020015716553, 37.606661796569824, 30.909345626831055, 28.690804481506348, 24.23719596862793, 26.544121742248535, 25.40111255645752, 27.631723403930664, 27.827457427978516, 27.2831072807312, 26.30001163482666, 23.116852283477783, 21.96562671661377, 23.381737232208252, 23.044047355651855, 21.380873203277588, 21.857216835021973, 23.137850761413574, 21.6994891166687, 22.957139015197754, 19.6597638130188, 24.2716007232666, 18.88175678253174, 19.613206386566162, 23.445199489593506, 20.798619270324707, 20.702098846435547, 18.485641956329346, 19.176895141601562, 19.815017700195312, 21.384070873260498, 22.655217170715332, 21.084941864013672, 19.249114990234375, 18.159342765808105, 19.39690351486206, 19.517090320587158, 19.137975215911865, 19.797582626342773, 19.278271675109863, 18.134089469909668], "val_loss": [25.46278953552246, 60.150421142578125, 45.58036804199219, 26.89008140563965, 27.148685455322266, 32.876365661621094, 30.63707160949707, 26.402084350585938, 30.65810775756836, 30.125560760498047, 37.848228454589844, 38.401649475097656, 35.532318115234375, 26.212112426757812, 26.59260368347168, 20.739965438842773, 22.657493591308594, 23.19722557067871, 22.721111297607422, 27.310997009277344, 22.576515197753906, 35.08824157714844, 21.02858543395996, 18.41268539428711, 16.863439559936523, 30.719635009765625, 22.048974990844727, 18.906784057617188, 18.6190242767334, 19.763769149780273, 17.67201042175293, 26.956470489501953, 31.555858612060547, 23.99072265625, 15.897573471069336, 27.74169921875, 15.3887300491333, 18.623491287231445, 25.334117889404297, 17.291492462158203, 18.524364471435547, 24.457725524902344, 16.846675872802734, 17.059993743896484, 16.913236618041992, 17.802886962890625, 23.586322784423828, 17.54068374633789, 16.209501266479492, 17.254892349243164, 18.996923446655273, 18.840011596679688], "train_components": [{"recon": 0.9915265440940857, "vae_recon": 1.2901018261909485, "kl": 422.18604312837124, "temporal": 0.29508256912231445, "aggregate": 838.5733470916748}, {"recon": 0.8786976784467697, "vae_recon": 1.0034426599740982, "kl": 765.1745109558105, "temporal": 0.2919643744826317, "aggregate": 122.94653940200806}, {"recon": 0.8809587061405182, "vae_recon": 1.1405111253261566, "kl": 278.9585990905762, "temporal": 0.29296527802944183, "aggregate": 21.55673050880432}, {"recon": 0.8713259845972061, "vae_recon": 1.666065126657486, "kl": 120.61007308959961, "temporal": 0.2957533895969391, "aggregate": 13.1557936668396}, {"recon": 0.8739596903324127, "vae_recon": 1.9751411974430084, "kl": 62.96399974822998, "temporal": 0.2946052700281143, "aggregate": 5.959392070770264}, {"recon": 0.8705515116453171, "vae_recon": 2.208565413951874, "kl": 44.473076820373535, "temporal": 0.2957678437232971, "aggregate": 9.334707975387573}, {"recon": 0.8764356374740601, "vae_recon": 2.4961955547332764, "kl": 35.714181900024414, "temporal": 0.29280824959278107, "aggregate": 9.116219520568848}, {"recon": 0.870731770992279, "vae_recon": 2.6727492213249207, "kl": 36.09693431854248, "temporal": 0.29378845542669296, "aggregate": 3.882674217224121}, {"recon": 0.8676764965057373, "vae_recon": 2.7476107478141785, "kl": 24.921581745147705, "temporal": 0.2935619577765465, "aggregate": 6.895531415939331}, {"recon": 0.8751879632472992, "vae_recon": 2.7585325837135315, "kl": 16.95058512687683, "temporal": 0.29421762377023697, "aggregate": 16.90321111679077}, {"recon": 0.8800759762525558, "vae_recon": 2.8653589487075806, "kl": 25.103739738464355, "temporal": 0.2927409037947655, "aggregate": 11.143133997917175}, {"recon": 0.8710713982582092, "vae_recon": 2.9401990175247192, "kl": 35.283127784729004, "temporal": 0.2907964512705803, "aggregate": 4.178774356842041}, {"recon": 0.8680608868598938, "vae_recon": 3.05197012424469, "kl": 30.57872724533081, "temporal": 0.2899331972002983, "aggregate": 3.758515179157257}, {"recon": 0.8670224547386169, "vae_recon": 2.9721705317497253, "kl": 21.477702617645264, "temporal": 0.2923537939786911, "aggregate": 6.2402068972587585}, {"recon": 0.8666691333055496, "vae_recon": 2.961618661880493, "kl": 18.511282444000244, "temporal": 0.2919900640845299, "aggregate": 6.998911082744598}, {"recon": 0.8685064166784286, "vae_recon": 2.8881261348724365, "kl": 16.5514817237854, "temporal": 0.29223786294460297, "aggregate": 4.578409373760223}, {"recon": 0.8692440837621689, "vae_recon": 2.8268943428993225, "kl": 16.660534858703613, "temporal": 0.29192692786455154, "aggregate": 6.8377469182014465}, {"recon": 0.8644982278347015, "vae_recon": 2.8337918519973755, "kl": 18.185977935791016, "temporal": 0.29044733941555023, "aggregate": 4.163507103919983}, {"recon": 0.8671607375144958, "vae_recon": 2.7894787788391113, "kl": 20.311275005340576, "temporal": 0.2902580425143242, "aggregate": 4.313276171684265}, {"recon": 0.8677829802036285, "vae_recon": 2.8258174657821655, "kl": 19.801276206970215, "temporal": 0.2914203628897667, "aggregate": 4.981797933578491}, {"recon": 0.8698823153972626, "vae_recon": 2.793471395969391, "kl": 17.90846586227417, "temporal": 0.2926439046859741, "aggregate": 6.361687958240509}, {"recon": 0.868587076663971, "vae_recon": 2.7743605971336365, "kl": 15.744885206222534, "temporal": 0.29091308265924454, "aggregate": 7.5625802874565125}, {"recon": 0.8703608214855194, "vae_recon": 2.765367805957794, "kl": 14.835943460464478, "temporal": 0.29205719381570816, "aggregate": 5.296497285366058}, {"recon": 0.8664884865283966, "vae_recon": 2.743268132209778, "kl": 14.7235689163208, "temporal": 0.2902708649635315, "aggregate": 4.281086564064026}, {"recon": 0.86524298787117, "vae_recon": 2.718266725540161, "kl": 14.505552530288696, "temporal": 0.29104597121477127, "aggregate": 5.93963223695755}, {"recon": 0.870190903544426, "vae_recon": 2.7359399795532227, "kl": 14.76557993888855, "temporal": 0.2901633605360985, "aggregate": 5.324904978275299}, {"recon": 0.8662189990282059, "vae_recon": 2.7311057448387146, "kl": 15.181900024414062, "temporal": 0.2903165817260742, "aggregate": 3.250130832195282}, {"recon": 0.8657085746526718, "vae_recon": 2.7043873071670532, "kl": 15.138071775436401, "temporal": 0.2889123857021332, "aggregate": 3.798073470592499}, {"recon": 0.8693060725927353, "vae_recon": 2.698251962661743, "kl": 15.070934772491455, "temporal": 0.28976406157016754, "aggregate": 5.151341021060944}, {"recon": 0.8662868440151215, "vae_recon": 2.7166383266448975, "kl": 15.225058317184448, "temporal": 0.29131583869457245, "aggregate": 3.539305865764618}, {"recon": 0.8682712465524673, "vae_recon": 2.69858980178833, "kl": 14.643651247024536, "temporal": 0.29015882313251495, "aggregate": 5.397279500961304}, {"recon": 0.8645928800106049, "vae_recon": 2.7045403122901917, "kl": 13.960531949996948, "temporal": 0.2888401672244072, "aggregate": 2.7780615091323853}, {"recon": 0.8679672628641129, "vae_recon": 2.685865640640259, "kl": 13.327199697494507, "temporal": 0.2894565612077713, "aggregate": 8.041443347930908}, {"recon": 0.8653700202703476, "vae_recon": 2.6950912475585938, "kl": 13.088513374328613, "temporal": 0.28854329884052277, "aggregate": 2.881744861602783}, {"recon": 0.8685599267482758, "vae_recon": 2.6889339685440063, "kl": 13.10141921043396, "temporal": 0.2896699607372284, "aggregate": 3.6056007146835327}, {"recon": 0.8650609701871872, "vae_recon": 2.6623117923736572, "kl": 12.801099300384521, "temporal": 0.28803565353155136, "aggregate": 7.76576167345047}, {"recon": 0.8665189445018768, "vae_recon": 2.658241629600525, "kl": 12.561064004898071, "temporal": 0.2887726128101349, "aggregate": 5.362734377384186}, {"recon": 0.8672032356262207, "vae_recon": 2.655903935432434, "kl": 12.385932922363281, "temporal": 0.286762110888958, "aggregate": 5.445190668106079}, {"recon": 0.8659666776657104, "vae_recon": 2.6754834055900574,