{"daily_median_baselined_consumption": 22.750000000000007, "hh_min_baselined_consumption": [-0.2018750000000003, -0.2018750000000003, -0.2018750000000003, -0.2018750000000003, -0.2018750000000003, -0.2018750000000003, -0.2018750000000003, -0.2018750000000003, -0.1918750000000003, -0.1918750000000003, -0.2118750000000003, -0.10770833333333363, -0.10770833333333363, -0.10770833333333363, -0.17187500000000033, -0.22187500000000032, -0.22187500000000032, -0.06187500000000029, 0.2816666666666666, 1.0314583333333334, 1.0822916666666664, 1.1122916666666665, 1.1514583333333335, 1.1414583333333335, 1.1814583333333335, 1.1722916666666665, 1.0814583333333334, 1.1014583333333334, 1.0806250000000002, 1.0806250000000002, 1.0670833333333334, 1.0922916666666664, 0.15229166666666644, -0.23187500000000033, -0.23187500000000033, -0.23187500000000033, -0.22187500000000032, -0.22187500000000032, -0.22187500000000032, -0.22187500000000032, -0.22187500000000032, -0.2118750000000003, -0.1818750000000003, -0.2018750000000003, -0.2018750000000003, -0.2018750000000003, -0.2018750000000003, -0.2018750000000003], "hh_max_baselined_consumption": [0.32937500000000003, 0.32937500000000003, 0.31937500000000013, 0.31937500000000013, 0.32937500000000003, 0.31937500000000013, 0.31937500000000013, 0.31937500000000013, 0.35937500000000006, 0.2993750000000001, 1.1091666666666669, 1.0791666666666666, 1.2091666666666665, 0.5702083333333332, 0.2993750000000001, 0.6870833333333335, 0.9022916666666665, 2.208125, 2.5693750000000004, 2.8793750000000005, 2.539375, 3.498124999999999, 2.5581249999999995, 3.338125, 2.578125, 2.7993750000000004, 3.248125, 2.1993750000000003, 2.229375, 2.1591666666666667, 2.0591666666666666, 2.2391666666666667, 1.7491666666666665, 1.4291666666666667, 1.5591666666666666, 1.1491666666666664, 1.2091666666666665, 1.4591666666666665, 1.4291666666666667, 1.3491666666666666, 0.43812499999999965, 0.2993750000000001, 0.31937500000000013, 0.31937500000000013, 0.36937500000000006, 0.31937500000000013, 0.31937500000000013, 0.31937500000000013], "hh_min_noise": [-0.20249034522242138, -0.20822875579107272, -0.21130448202662339, -0.21245705198476758, -0.2121938944377026, -0.21128034701556253, -0.21017657582174482, -0.20955610382112333, -0.20266708685319113, -0.20220970830417925, -0.22686777682991346, -0.13117515461827614, -0.14231431493300523, -0.13727190681587526, -0.1769031516508748, -0.4557847893429553, -0.5568628945353902, -0.5357538994761438, -0.850834120869195, -0.3833336012365174, -0.5957930296557441, -0.5887205354249361, -0.7878085710469884, -0.6281599441444763, -0.39339679100587344, -0.963017662881382, -0.6096846990274849, -0.772928351594298, -0.6818527876159151, -0.5138289464565096, -0.650582465175729, -0.8836517131816177, -1.0075703328943102, -0.8510169662904139, -0.5290142085539309, -0.44631572229607164, -0.4025399000616482, -0.29342106500615794, -0.14903806089612695, -0.17871535584686285, -0.1970272103308428, -0.20511750586989236, -0.17988500965257878, -0.20598255928642464, -0.2097358037921807, -0.21412740047944984, -0.21556060257361687, -0.21390489276846772], "hh_max_noise": [0.3303780964177278, 0.32473977674767757, 0.31167583408365107, 0.3104996777783786, 0.32068195012328116, 0.3116067504785294, 0.3126537961144577, 0.31319755067045263, 0.3526054244382865, 0.2902189654351478, 1.095016294105954, 1.0579762641761579, 1.1751817173775003, 0.5226440445809636, 0.26198621032892055, 0.5902307042412217, 0.7914076743086527, 1.2709475978964193, 0.9434818171240296, 0.8220996324331458, 0.3330269698477775, 1.2750480511141074, 0.4017482740226088, 1.1079135643621407, 0.4902466115094314, 0.5259386470410061, 1.0405655227947297, 0.3064953767566298, 0.3882205528246196, 0.6101283698213316, 0.40989097416794845, 0.29040536653657784, 0.5276027443594241, 0.5835573491735775, 0.8599863832375354, 0.5761697589681825, 0.733653923849381, 1.1585025977097758, 1.321922425656129, 1.356494245712071, 0.4630292137506031, 0.3083384803984613, 0.32239112607270776, 0.31778142105234575, 0.36320048791601145, 0.30969488046788907, 0.30827486563279255, 0.30993896388005376]}