{
    "CAPEX": 688155.0,
    "CAPEX_index": 1,
    "ESS_RTE": 21.0,
    "ESS_aux_load": 22.0,
    "ESS_capacity": 20.0,
    "ESS_charge_mode": 24,
    "ESS_charge_power": 18.0,
    "ESS_discharge_mode": 25,
    "ESS_discharge_power": 19.0,
    "ESS_start_SoC": 23.0,
    "Export_headroom": 17.0,
    "Fixed_load1_scalar": 1.0,
    "Fixed_load2_scalar": 2.0,
    "Flex_load_max": 3.0,
    "GridExport": 15.0,
    "GridImport": 14.0,
    "Import_headroom": 16.0,
    "Mop_load_max": 4.0,
    "ScalarHL1": 9.0,
    "ScalarHYield1": 10.0,
    "ScalarHYield2": 11.0,
    "ScalarHYield3": 12.0,
    "ScalarHYield4": 13.0,
    "ScalarRG1": 5.0,
    "ScalarRG2": 6.0,
    "ScalarRG3": 7.0,
    "ScalarRG4": 8.0,
    "annualised": 47885.05078125,
    "annualised_index": 1,
    "est_hours": 4.590793898974533e-41,
    "est_seconds": 2.479589224831978e-39,
    "export_kWh_price": -4.173691792175305e-08,
    "import_kWh_price": 0.0,
    "maxVal": 0.026472000405192375,
    "meanVal": 0.02339164912700653,
    "minVal": 0.017776399850845337,
    "num_scenarios": -1288515158,
    "payback_horizon": 3.9325954914093018,
    "payback_horizon_index": 1,
    "scenario_carbon_balance": 230222.40625,
    "scenario_carbon_balance_index": 6,
    "scenario_cost_balance": 175502.703125,
    "scenario_cost_balance_index": 6,
    "scenario_index": 613,
    "time_taken": 4.590793898974533e-41
}