{
    "CAPEX": 0.0,
    "CAPEX_index": 319469264,
    "ESS_RTE": 1.401298464324817e-45,
    "ESS_aux_load": 0.0,
    "ESS_capacity": 7.006492321624085e-43,
    "ESS_charge_mode": 32767,
    "ESS_charge_power": 7.006492321624085e-43,
    "ESS_discharge_mode": 131078,
    "ESS_discharge_power": 1.533545599749647e-27,
    "ESS_start_SoC": -2.1388453553607155e-31,
    "Export_headroom": 1.5336118517397339e-27,
    "Fixed_load1_scalar": 1.533545599749647e-27,
    "Fixed_load2_scalar": 7.006492321624085e-43,
    "Flex_load_max": 0.0,
    "GridExport": 8.96831017167883e-44,
    "GridImport": 0.0,
    "Import_headroom": 0.0,
    "Mop_load_max": 0.0,
    "ScalarHL1": 6.866362475191604e-44,
    "ScalarHYield1": 0.0,
    "ScalarHYield2": -2.145609149855347e-31,
    "ScalarHYield3": 4.591634678053128e-41,
    "ScalarHYield4": 5.605193857299268e-45,
    "ScalarRG1": 1.5335779553727127e-27,
    "ScalarRG2": 7.006492321624085e-43,
    "ScalarRG3": -2.175414984614797e-31,
    "ScalarRG4": 4.591634678053128e-41,
    "annualised": 1.7508059049160823e-27,
    "annualised_index": 500,
    "est_hours": 4.6413210839091334e-06,
    "est_seconds": 0.016708755865693092,
    "export_kWh_price": 1.3452465257518244e-43,
    "import_kWh_price": 0.0,
    "maxVal": 0.026983799412846565,
    "meanVal": 0.021582143381237984,
    "minVal": 0.01660659909248352,
    "num_scenarios": 24,
    "payback_horizon": 8.96831017167883e-44,
    "payback_horizon_index": 32767,
    "scenario_carbon_balance": 0.0,
    "scenario_carbon_balance_index": 0,
    "scenario_cost_balance": 7.006492321624085e-43,
    "scenario_cost_balance_index": -1937059414,
    "scenario_index": 0,
    "time_taken": 0.0
}