{"order": [2, 3], "ar_params": [1.0, 1.027021382967816, 0.05986366535975621], "ma_params": [1.0, 0.004884431873111659, 0.0580005939498224, 0.08863482579866948], "sigma": 0.8613223715217544, "hourly_active_std": 126.15446280400107}