{"order": [3, 1], "ar_params": [1.0, -0.22324936272080503, 0.7407980431324661, 0.2780121260373266], "ma_params": [1.0, 1.721593935658725], "sigma": 1.0274001035816605}