{"order": [2, 2], "ar_params": [1.0, 0.03541710516437391, 0.6626190293771339], "ma_params": [1.0, 1.0485952480290386, -0.2556007191527883], "sigma": 1.3063114873695412}