{"order": [3, 2], "ar_params": [1.0, 0.13318593670717135, 0.13845946448800525, 0.6017982852370135], "ma_params": [1.0, 0.5250160080170425, 0.6191681944525035], "sigma": 1.2157987761807654, "hourly_active_std": 126.15446280400107}