{"order": [3, 2], "ar_params": [1.0, -0.08234547520479692, 0.01179357569148717, 0.805321491802968], "ma_params": [1.0, 0.6163199475033354, 0.937205073305568], "sigma": 1.231694318643537, "hourly_active_std": 126.15446280400107}