{
  "CAPEX": 751955.0,
  "annualised": 54265.05078125,
  "payback_horizon": 2.562540292739868,
  "scenario_carbon_balance": 157495.609375,
  "scenario_cost_balance": 293441.25
}