{
  "CAPEX": 1138403.375,
  "annualised": 70269.4140625,
  "payback_horizon": 4.109364032745361,
  "scenario_carbon_balance": 157495.609375,
  "scenario_cost_balance": 277436.875
}