{
  "CAPEX": 1243695.5,
  "annualised": 75235.2578125,
  "payback_horizon": 5.085565567016602,
  "scenario_carbon_balance": 142715.890625,
  "scenario_cost_balance": 244848.96875
}