{
  "CAPEX": 751955.0,
  "annualised": 54265.05078125,
  "payback_horizon": 3.512687921524048,
  "scenario_carbon_balance": 264108.5625,
  "scenario_cost_balance": 215468.625
}