{
    "CAPEX": 751955.0,
    "annualised": 54265.05078125,
    "payback_horizon": 3.866166114807129,
    "scenario_carbon_balance": 247610.59375,
    "scenario_cost_balance": 195848.6875
}