{"vae": {"train_loss": [0.4135254919528961, 0.40199002623558044, 0.3906168043613434, 0.3787207156419754, 0.3657527267932892, 0.3557896241545677, 0.34971287101507187, 0.33925849944353104, 0.3312332183122635, 0.3247808367013931, 0.31814268231391907, 4.459587574005127, 1.964376449584961, 1.8753723204135895, 2.26648211479187, 2.7292674779891968, 2.7174036502838135, 2.7036274075508118, 2.6921855807304382, 2.685812771320343, 0.2835971862077713, 0.7554093301296234, 1.2304904460906982, 1.7080278992652893, 2.189951002597809, 2.6634055376052856, 2.661921739578247, 2.6628002524375916, 2.6592209935188293, 2.6581862568855286, 0.2584419436752796, 0.7365049123764038, 1.2160300314426422, 1.6969961524009705, 2.1745206713676453, 2.655994951725006, 2.6573832035064697, 2.6541053652763367, 2.653073310852051, 2.653495967388153, 0.25217531621456146, 0.7332731634378433, 1.213243842124939, 1.693382978439331, 2.1720465421676636, 2.6510667204856873, 2.6542972922325134, 2.652729034423828, 2.6512056589126587, 2.6521076560020447, 0.2524038553237915, 0.7308859080076218, 1.2092981040477753, 1.6922325491905212, 2.1702979803085327, 2.6504105925559998], "val_loss": [0.46321213245391846, 0.4552670121192932, 0.4608910083770752, 0.47183722257614136, 0.4655303657054901, 0.48029816150665283, 0.456461101770401, 0.47457748651504517, 0.42768415808677673, 0.43439024686813354, 0.416667103767395, 3.1858978271484375, 3.747856616973877, 4.2790751457214355, 4.997103691101074, 5.252330303192139, 4.503809452056885, 4.3631272315979, 4.275040149688721, 4.271932125091553, 0.41235724091529846, 1.1664310693740845, 1.92778480052948, 2.6928086280822754, 3.478353261947632, 4.2700605392456055, 4.277325630187988, 4.272420406341553, 4.284938335418701, 4.283475875854492, 0.38603517413139343, 1.1699368953704834, 1.94856595993042, 2.7299890518188477, 3.5207645893096924, 4.304344654083252, 4.3184027671813965, 4.311949253082275, 4.311343669891357, 4.311863422393799, 0.384217232465744, 1.171703815460205, 1.9573091268539429, 2.747389554977417, 3.526916027069092, 4.311132431030273, 4.323740005493164, 4.318560600280762, 4.318476676940918, 4.320178985595703, 0.3891701400279999, 1.1730268001556396, 1.9615637063980103, 2.74867844581604, 3.5323092937469482, 4.320109844207764], "train_components": [{"recon": 0.4632982611656189, "vae_recon": 0.4135254919528961, "kl": 3.446372866630554, "temporal": 0.2341688871383667, "aggregate": 0.0}, {"recon": 0.4597399830818176, "vae_recon": 0.40199002623558044, "kl": 6.374531507492065, "temporal": 0.19367578998208046, "aggregate": 0.0}, {"recon": 0.5628475695848465, "vae_recon": 0.3906168043613434, "kl": 11.556788206100464, "temporal": 0.20970282331109047, "aggregate": 0.0}, {"recon": 0.49088843166828156, "vae_recon": 0.3787207156419754, "kl": 9.463121891021729, "temporal": 0.18345052748918533, "aggregate": 0.0}, {"recon": 0.4334666356444359, "vae_recon": 0.3657527267932892, "kl": 16.176551818847656, "temporal": 0.18498919904232025, "aggregate": 0.0}, {"recon": 0.4284503608942032, "vae_recon": 0.3557896241545677, "kl": 17.81103539466858, "temporal": 0.18759852647781372, "aggregate": 0.0}, {"recon": 0.44185852259397507, "vae_recon": 0.34971287101507187, "kl": 19.886587619781494, "temporal": 0.1789361573755741, "aggregate": 0.0}, {"recon": 0.46763482689857483, "vae_recon": 0.33925849944353104, "kl": 23.29177188873291, "temporal": 0.17620829120278358, "aggregate": 0.0}, {"recon": 0.4507087767124176, "vae_recon": 0.3312332183122635, "kl": 31.77371597290039, "temporal": 0.17627714201807976, "aggregate": 0.0}, {"recon": 0.4374251589179039, "vae_recon": 0.3247808367013931, "kl": 35.80412006378174, "temporal": 0.1737058199942112, "aggregate": 0.0}, {"recon": 0.4298488348722458, "vae_recon": 0.31814268231391907, "kl": 38.804574966430664, "temporal": 0.1719222404062748, "aggregate": 0.0}, {"recon": 0.4261239096522331, "vae_recon": 0.32860588282346725, "kl": 20.654908180236816, "temporal": 0.17234180495142937, "aggregate": 0.0}, {"recon": 0.42465537786483765, "vae_recon": 0.36338114738464355, "kl": 4.0024882555007935, "temporal": 0.1725228689610958, "aggregate": 0.0}, {"recon": 0.42992765456438065, "vae_recon": 0.37094100564718246, "kl": 2.507385492324829, "temporal": 0.1719404272735119, "aggregate": 0.0}, {"recon": 0.4363119825720787, "vae_recon": 0.346482016146183, "kl": 2.4000000953674316, "temporal": 0.17129890248179436, "aggregate": 0.0}, {"recon": 0.4381668269634247, "vae_recon": 0.3244883194565773, "kl": 2.4047791957855225, "temporal": 0.17091594263911247, "aggregate": 0.0}, {"recon": 0.435554675757885, "vae_recon": 0.31740348786115646, "kl": 2.4000000953674316, "temporal": 0.17124110832810402, "aggregate": 0.0}, {"recon": 0.4322250857949257, "vae_recon": 0.3036273643374443, "kl": 2.4000000953674316, "temporal": 0.17105333879590034, "aggregate": 0.0}, {"recon": 0.4300974905490875, "vae_recon": 0.29218555986881256, "kl": 2.4000000953674316, "temporal": 0.17082953453063965, "aggregate": 0.0}, {"recon": 0.42953305691480637, "vae_recon": 0.2858126014471054, "kl": 2.4000000953674316, "temporal": 0.17068158462643623, "aggregate": 0.0}, {"recon": 0.4313336908817291, "vae_recon": 0.2835971862077713, "kl": 2.4000000953674316, "temporal": 0.17112647742033005, "aggregate": 0.0}, {"recon": 0.43070441484451294, "vae_recon": 0.2754093073308468, "kl": 2.4000000953674316, "temporal": 0.17048924788832664, "aggregate": 0.0}, {"recon": 0.43211304396390915, "vae_recon": 0.2704904153943062, "kl": 2.4000000953674316, "temporal": 0.1709277220070362, "aggregate": 0.0}, {"recon": 0.4323877543210983, "vae_recon": 0.2680278420448303, "kl": 2.4000000953674316, "temporal": 0.1710941083729267, "aggregate": 0.0}, {"recon": 0.43453115224838257, "vae_recon": 0.2699509561061859, "kl": 2.4000000953674316, "temporal": 0.17093860357999802, "aggregate": 0.0}, {"recon": 0.43134835362434387, "vae_recon": 0.2634054869413376, "kl": 2.4000000953674316, "temporal": 0.1702803112566471, "aggregate": 0.0}, {"recon": 0.4305809810757637, "vae_recon": 0.26192158088088036, "kl": 2.4000000953674316, "temporal": 0.17068316414952278, "aggregate": 0.0}, {"recon": 0.43167179077863693, "vae_recon": 0.2628001309931278, "kl": 2.4000000953674316, "temporal": 0.17108023911714554, "aggregate": 0.0}, {"recon": 0.4304751083254814, "vae_recon": 0.259220864623785, "kl": 2.4000000953674316, "temporal": 0.17050791904330254, "aggregate": 0.0}, {"recon": 0.43149518221616745, "vae_recon": 0.2581862062215805, "kl": 2.4000000953674316, "temporal": 0.17063254863023758, "aggregate": 0.0}, {"recon": 0.43193794041872025, "vae_recon": 0.2584419436752796, "kl": 2.4000000953674316, "temporal": 0.17061155289411545, "aggregate": 0.0}, {"recon": 0.43104398995637894, "vae_recon": 0.2565048933029175, "kl": 2.4000000953674316, "temporal": 0.17054881528019905, "aggregate": 0.0}, {"recon": 0.4320008307695389, "vae_recon": 0.25603000074625015, "kl": 2.4000000953674316, "temporal": 0.17078516259789467, "aggregate": 0.0}, {"recon": 0.43343306332826614, "vae_recon": 0.2569960914552212, "kl": 2.4000000953674316, "temporal": 0.17086154595017433, "aggregate": 0.0}, {"recon": 0.43132004141807556, "vae_recon": 0.25452058762311935, "kl": 2.4000000953674316, "temporal": 0.17065399512648582, "aggregate": 0.0}, {"recon": 0.43190910667181015, "vae_recon": 0.25599484145641327, "kl": 2.4000000953674316, "temporal": 0.1708214320242405, "aggregate": 0.0}, {"recon": 0.4324205368757248, "vae_recon": 0.25738314539194107, "kl": 2.4000000953674316, "temporal": 0.17108268290758133, "aggregate": 0.0}, {"recon": 0.4319090023636818, "vae_recon": 0.25410524010658264, "kl": 2.4000000953674316, "temporal": 0.17089028283953667, "aggregate": 0.0}, {"recon": 0.4314989000558853, "vae_recon": 0.25307321175932884, "kl": 2.4000000953674316, "temporal": 0.170383483171463, "aggregate": 0.0}, {"recon": 0.431088387966156, "vae_recon": 0.25349580496549606, "kl": 2.4000000953674316, "temporal": 0.17032435536384583, "aggregate": 0.0}, {"recon": 0.43105750530958176, "vae_recon": 0.25217531621456146,