{
    "CAPEX_limit": 500.0,
    "ESS_RTE": [
        0.8600000143051147,
        0.8600000143051147,
        0.0
    ],
    "ESS_aux_load": [
        0.75,
        0.75,
        0.0
    ],
    "ESS_capacity": [
        800.0,
        900.0,
        20.0
    ],
    "ESS_charge_mode": [
        1,
        1,
        0.0
    ],
    "ESS_charge_power": [
        300.0,
        600.0,
        300.0
    ],
    "ESS_discharge_mode": [
        1,
        1,
        0.0
    ],
    "ESS_discharge_power": [
        300.0,
        600.0,
        300.0
    ],
    "ESS_start_SoC": [
        0.5,
        0.5,
        0.0
    ],
    "Export_headroom": [
        0.0,
        0.0,
        0.0
    ],
    "Fixed_load1_scalar": [
        1.0,
        1.0,
        0.0
    ],
    "Fixed_load2_scalar": [
        3.0,
        3.0,
        0.0
    ],
    "Flex_load_max": [
        50.0,
        50.0,
        0.0
    ],
    "GridExport": [
        95.0,
        95.0,
        0.0
    ],
    "GridImport": [
        98.29000091552734,
        98.29000091552734,
        0.0
    ],
    "Import_headroom": [
        0.0,
        0.0,
        0.0
    ],
    "Mop_load_max": [
        300.0,
        300.0,
        0.0
    ],
    "OPEX_limit": 20.0,
    "ScalarHL1": [
        1.0,
        1.0,
        0.0
    ],
    "ScalarHYield1": [
        0.0,
        0.0,
        0.0
    ],
    "ScalarHYield2": [
        0.0,
        0.0,
        0.0
    ],
    "ScalarHYield3": [
        0.75,
        0.75,
        0.0
    ],
    "ScalarHYield4": [
        0.0,
        0.0,
        0.0
    ],
    "ScalarRG1": [
        599.2000122070313,
        599.2000122070313,
        0.0
    ],
    "ScalarRG2": [
        75.5999984741211,
        75.5999984741211,
        0.0
    ],
    "ScalarRG3": [
        60.47999954223633,
        60.47999954223633,
        0.0
    ],
    "ScalarRG4": [
        0.0,
        0.0,
        0.0
    ],
    "export_kWh_price": 5.0,
    "import_kWh_price": 30.0,
    "target_max_concurrency": 44,
    "time_budget_min": 1.0,
    "timestep_hours": 1.0,
    "timestep_minutes": 60.0,
    "timewindow": 8760.0
}