{"vae": {"train_loss": [0.42127010971307755, 0.4083714559674263, 0.39416907727718353, 0.3827711418271065, 0.36769165098667145, 0.36142008006572723, 0.3669082671403885, 0.3609900325536728, 0.32148635387420654, 0.2741089537739754, 1.3590079247951508, 0.6902478486299515, 0.4595256671309471, 0.46908244490623474, 0.4860442727804184, 0.5182961672544479, 0.5650787651538849, 0.634641095995903, 0.7318749874830246, 0.8645951300859451, 1.0328955054283142, 1.2347109615802765, 1.4635628461837769, 1.7009315192699432, 1.9294589459896088, 2.1356623768806458, 2.3042246103286743, 2.4344469904899597, 2.53564190864563, 2.6093021035194397, 2.659295082092285, 2.6948432326316833, 2.719518542289734, 2.736388146877289, 2.7450931668281555, 2.7529534101486206, 2.756787359714508, 2.761611044406891, 2.7647226452827454, 2.76479834318161, 2.7647436261177063, 2.766191780567169, 2.764260232448578, 2.766786217689514, 2.764165222644806, 2.7641780972480774, 2.764132559299469, 2.7633183002471924, 2.7657992243766785, 2.764645755290985], "val_loss": [0.4767405688762665, 0.4733619689941406, 0.4622277021408081, 0.5180643200874329, 0.4981520175933838, 0.5110018849372864, 0.510310173034668, 0.5095900893211365, 0.46561548113822937, 0.4418526589870453, 1.0235650539398193, 0.5254573822021484, 0.527656614780426, 0.5378314852714539, 0.5573341250419617, 0.5812169909477234, 0.6320081353187561, 0.7049025297164917, 0.8046488761901855, 0.9360512495040894, 1.1049423217773438, 1.310422658920288, 1.5372439622879028, 1.773941993713379, 2.0103275775909424, 2.212226629257202, 2.381610155105591, 2.5125198364257812, 2.6133596897125244, 2.686352252960205, 2.7386703491210938, 2.7791008949279785, 2.8030004501342773, 2.812681198120117, 2.8278920650482178, 2.834897518157959, 2.836292028427124, 2.8455777168273926, 2.845468521118164, 2.847891330718994, 2.848588466644287, 2.847494125366211, 2.848421096801758, 2.8486008644104004, 2.845633029937744, 2.853703737258911, 2.847248077392578, 2.8530824184417725, 2.851034641265869, 2.8510568141937256], "train_components": [{"recon": 0.6318889409303665, "vae_recon": 0.42127010971307755, "kl": 2.4830175042152405, "temporal": 0.24932534620165825, "aggregate": 0.0}, {"recon": 0.4169555604457855, "vae_recon": 0.4083714559674263, "kl": 4.354028940200806, "temporal": 0.19617929682135582, "aggregate": 0.0}, {"recon": 0.4247005209326744, "vae_recon": 0.39416907727718353, "kl": 7.558230876922607, "temporal": 0.2224055416882038, "aggregate": 0.0}, {"recon": 0.4245704412460327, "vae_recon": 0.3827711418271065, "kl": 16.284597396850586, "temporal": 0.18903541564941406, "aggregate": 0.0}, {"recon": 0.4765687361359596, "vae_recon": 0.36769165098667145, "kl": 39.21078968048096, "temporal": 0.1803543083369732, "aggregate": 0.0}, {"recon": 0.48657533526420593, "vae_recon": 0.36142008006572723, "kl": 64.08511734008789, "temporal": 0.18570885062217712, "aggregate": 0.0}, {"recon": 0.44060906022787094, "vae_recon": 0.3669082671403885, "kl": 150.79020881652832, "temporal": 0.17566612735390663, "aggregate": 0.0}, {"recon": 0.41062162816524506, "vae_recon": 0.3609900325536728, "kl": 852.4631958007812, "temporal": 0.17345983162522316, "aggregate": 0.0}, {"recon": 0.4232979789376259, "vae_recon": 0.32148635387420654, "kl": 693.7328262329102, "temporal": 0.17546578124165535, "aggregate": 0.0}, {"recon": 0.450588695704937, "vae_recon": 0.2741089537739754, "kl": 506.72611236572266, "temporal": 0.17327801138162613, "aggregate": 0.0}, {"recon": 0.4456740468740463, "vae_recon": 0.34086116030812263, "kl": 152.1245231628418, "temporal": 0.17160876095294952, "aggregate": 0.0}, {"recon": 0.4358742833137512, "vae_recon": 0.43881287425756454, "kl": 25.265270233154297, "temporal": 0.17202600464224815, "aggregate": 0.0}, {"recon": 0.4288351535797119, "vae_recon": 0.4163138195872307, "kl": 2.924851655960083, "temporal": 0.171842772513628, "aggregate": 0.0}, {"recon": 0.4271628260612488, "vae_recon": 0.41649463027715683, "kl": 2.403325140476227, "temporal": 0.17161867767572403, "aggregate": 0.0}, {"recon": 0.43089060485363007, "vae_recon": 0.4085351526737213, "kl": 2.4000000953674316, "temporal": 0.17104559764266014, "aggregate": 0.0}, {"recon": 0.43364229053258896, "vae_recon": 0.40447406470775604, "kl": 2.4000000953674316, "temporal": 0.17167067155241966, "aggregate": 0.0}, {"recon": 0.43393533676862717, "vae_recon": 0.39895057678222656, "kl": 2.4028345942497253, "temporal": 0.1713845580816269, "aggregate": 0.0}, {"recon": 0.4332966282963753, "vae_recon": 0.395239919424057, "kl": 2.4000000953674316, "temporal": 0.1710820160806179, "aggregate": 0.0}, {"recon": 0.43171191215515137, "vae_recon": 0.39143243432044983, "kl": 2.4000000953674316, "temporal": 0.1705004833638668, "aggregate": 0.0}, {"recon": 0.4316917061805725, "vae_recon": 0.389836423099041, "kl": 2.4000000953674316, "temporal": 0.17063185572624207, "aggregate": 0.0}, {"recon": 0.43048350512981415, "vae_recon": 0.38743601739406586, "kl": 2.4000000953674316, "temporal": 0.1707226112484932, "aggregate": 0.0}, {"recon": 0.4295406863093376, "vae_recon": 0.38360530883073807, "kl": 2.401921331882477, "temporal": 0.17040658369660378, "aggregate": 0.0}, {"recon": 0.43035396188497543, "vae_recon": 0.3831644430756569, "kl": 2.4000000953674316, "temporal": 0.17063133791089058, "aggregate": 0.0}, {"recon": 0.43153346329927444, "vae_recon": 0.38132982701063156, "kl": 2.4000000953674316, "temporal": 0.17075686901807785, "aggregate": 0.0}, {"recon": 0.4316757395863533, "vae_recon": 0.37988371402025223, "kl": 2.4000000953674316, "temporal": 0.17085064947605133, "aggregate": 0.0}, {"recon": 0.4334851801395416, "vae_recon": 0.3811217024922371, "kl": 2.4000000953674316, "temporal": 0.17087701335549355, "aggregate": 0.0}, {"recon": 0.4332350641489029, "vae_recon": 0.3789832293987274, "kl": 2.4000000953674316, "temporal": 0.17069599032402039, "aggregate": 0.0}, {"recon": 0.43166546523571014, "vae_recon": 0.3748896047472954, "kl": 2.4000000953674316, "temporal": 0.17050337046384811, "aggregate": 0.0}, {"recon": 0.4314585104584694, "vae_recon": 0.375043123960495, "kl": 2.4000000953674316, "temporal": 0.17055868357419968, "aggregate": 0.0}, {"recon": 0.4320741295814514, "vae_recon": 0.3752341940999031, "kl": 2.4000000953674316, "temporal": 0.17093603685498238, "aggregate": 0.0}, {"recon": 0.43115634471178055, "vae_recon": 0.37311700731515884, "kl": 2.4000000953674316, "temporal": 0.17045390605926514, "aggregate": 0.0}, {"recon": 0.4310563877224922, "vae_recon": 0.37235231697559357, "kl": 2.4000000953674316, "temporal": 0.1705300770699978, "aggregate": 0.0}, {"recon": 0.43248359858989716, "vae_recon": 0.3720334768295288, "kl": 2.4000000953674316, "temporal": 0.17093902453780174, "aggregate": 0.0}, {"recon": 0.43176183849573135, "vae_recon": 0.37184570729732513, "kl": 2.4000000953674316, "temporal": 0.1705654412508011, "aggregate": 0.0}, {"recon": 0.432237446308136, "vae_recon": 0.368977427482605, "kl": 2.4000000953674316, "temporal": 0.17071941494941711, "aggregate": 0.0}, {"recon": 0.43065062165260315, "vae_recon": 0.36901605874300003, "kl": 2.4000000953674316, "temporal": 0.17035936936736107, "aggregate": 0.0}, {"recon": 0.43107034265995026, "vae_recon": 0.3675783947110176, "kl": 2.4000000953674316, "temporal": 0.17059233039617538, "aggregate": 0.0}, {"recon": 0.43195217102766037, "vae_recon": 0.3688553348183632, "kl": 2.4000000953674316, "temporal": 0.17056409269571304, "aggregate": 0.0}, {"recon": 0.4328085333108902, "vae_recon": 0.36958322674036026, "kl": 2.4000000953674316, "temporal": 0.17114701122045517, "aggregate": 0.0}, {"recon": 0.43095143884420395, "vae_recon": 0.3680586516857147, "kl": 2.4000000953674316, "temporal": 0.17067375034093857, "aggregate": 0.0}, {"recon": 0.43113987147808075, "vae_recon": 0.3669300675392151, "kl": 2.4000000953674316, "temporal": 0.17048556357622147, "aggregate": 0.0}, {"recon": 0.4324362203478813, "vae_recon": 0.36765775829553604, "kl": 2.4000000953674316, "temporal": 0.17064176499843597, "aggregate": 0.0}, {"recon": 0.4309180900454521,