{"vae": {"train_loss": [252.88318133354187, 238.71014976501465, 36.61848592758179, 12.541821002960205, 8.781779050827026, 6.634675860404968, 5.7667765617370605, 5.358343005180359, 4.474670648574829, 4.282135725021362, 3.9352517127990723, 3.729085862636566, 3.438912570476532, 3.266843616962433, 3.0345736145973206, 2.906270742416382, 2.7391163110733032, 2.7397420406341553, 2.6102771162986755, 2.6688634753227234, 2.5631802678108215, 2.6130390763282776, 2.4861003756523132, 2.567854642868042, 2.510213077068329, 2.592779219150543, 2.570476233959198, 2.3579680919647217, 2.5230786204338074, 2.4920971989631653, 2.5335878133773804, 2.4443060159683228, 2.396061360836029, 2.442186117172241, 2.533890426158905, 2.4043824076652527, 2.3127201795578003, 2.463227689266205, 2.3686802983283997, 2.338193655014038, 2.3568833470344543, 2.390505790710449, 2.381800591945648, 2.3887122869491577, 2.3094083666801453, 2.3871529698371887, 2.3477678298950195, 2.2687153816223145, 2.400338292121887], "val_loss": [67.3418197631836, 69.15343475341797, 7.66507625579834, 8.620413780212402, 8.166691780090332, 5.301131248474121, 5.95118522644043, 4.654128551483154, 4.4588518142700195, 4.871785640716553, 3.601738452911377, 3.8907928466796875, 3.8588082790374756, 2.9898970127105713, 3.009211778640747, 2.718369722366333, 2.6537299156188965, 2.7176084518432617, 2.3669254779815674, 2.4156227111816406, 3.1907758712768555, 2.0016720294952393, 2.4673962593078613, 2.373844861984253, 2.822890281677246, 2.0751724243164062, 1.9516613483428955, 2.5837860107421875, 2.285442352294922, 1.9560108184814453, 1.959653615951538, 2.319490432739258, 2.388317584991455, 1.8682646751403809, 2.6100544929504395, 1.9496469497680664, 2.3572211265563965, 1.9517943859100342, 2.415464401245117, 1.9334545135498047, 2.3340446949005127, 2.0755233764648438, 1.9064363241195679, 2.3571505546569824, 2.0274806022644043, 2.1044790744781494, 2.1258509159088135, 2.0605292320251465, 2.0998189449310303], "train_components": [{"recon": 0.9082115292549133, "vae_recon": 1.0238435417413712, "kl": 389.63648146390915, "temporal": 0.2934880256652832, "aggregate": 251.63922476768494}, {"recon": 0.8717696070671082, "vae_recon": 2.0116014778614044, "kl": 1903.4133529663086, "temporal": 0.27587879821658134, "aggregate": 46.15029954910278}, {"recon": 0.8628557622432709, "vae_recon": 1.6285988688468933, "kl": 54.92061805725098, "temporal": 0.2832907363772392, "aggregate": 23.793294429779053}, {"recon": 0.8692061752080917, "vae_recon": 2.454675614833832, "kl": 18.506823301315308, "temporal": 0.2601088732481003, "aggregate": 4.340016484260559}, {"recon": 0.8611413836479187, "vae_recon": 2.258664071559906, "kl": 6.672330617904663, "temporal": 0.2551518827676773, "aggregate": 3.6628187894821167}, {"recon": 0.8595666438341141, "vae_recon": 2.234401822090149, "kl": 3.2650938630104065, "temporal": 0.2533222734928131, "aggregate": 2.5777355432510376}, {"recon": 0.8590850681066513, "vae_recon": 2.400131344795227, "kl": 1.5537495911121368, "temporal": 0.2512994296848774, "aggregate": 2.2459208369255066}, {"recon": 0.8619058728218079, "vae_recon": 2.266766369342804, "kl": 1.3091997802257538, "temporal": 0.2521355673670769, "aggregate": 1.986035168170929}, {"recon": 0.860847681760788, "vae_recon": 2.2550382018089294, "kl": 0.5849824696779251, "temporal": 0.2513751797378063, "aggregate": 1.563115119934082}, {"recon": 0.8632223159074783, "vae_recon": 2.160915434360504, "kl": 0.5026117861270905, "temporal": 0.2518945075571537, "aggregate": 1.4799486994743347}, {"recon": 0.8632353693246841, "vae_recon": 2.017492890357971, "kl": 0.28451085090637207, "temporal": 0.25199613347649574, "aggregate": 1.4442509710788727}, {"recon": 0.8627872616052628, "vae_recon": 1.8598496913909912, "kl": 0.2256326526403427, "temporal": 0.2522832825779915, "aggregate": 1.4543910324573517}, {"recon": 0.8618322908878326, "vae_recon": 1.6896683275699615, "kl": 0.1515981089323759, "temporal": 0.25364192947745323, "aggregate": 1.4074146449565887}, {"recon": 0.8650444895029068, "vae_recon": 1.5775994062423706, "kl": 0.1512022763490677, "temporal": 0.2550166994333267, "aggregate": 1.3467794060707092}, {"recon": 0.8632233738899231, "vae_recon": 1.4323836863040924, "kl": 0.10385705530643463, "temporal": 0.25714513659477234, "aggregate": 1.3054739236831665}, {"recon": 0.8626009076833725, "vae_recon": 1.3206906616687775, "kl": 0.07953333668410778, "temporal": 0.2585252672433853, "aggregate": 1.312152773141861}, {"recon": 0.8647091686725616, "vae_recon": 1.2040628492832184, "kl": 0.05723065044730902, "temporal": 0.26099076867103577, "aggregate": 1.2820797562599182}, {"recon": 0.8676614016294479, "vae_recon": 1.1276129186153412, "kl": 0.10270772315561771, "temporal": 0.26153047010302544, "aggregate": 1.313273549079895}, {"recon": 0.8674207627773285, "vae_recon": 1.046227365732193, "kl": 0.07344978675246239, "temporal": 0.2645295262336731, "aggregate": 1.2922027707099915}, {"recon": 0.8643022626638412, "vae_recon": 1.01442551612854, "kl": 0.07649934943765402, "temporal": 0.2648920491337776, "aggregate": 1.3792695701122284}, {"recon": 0.8627600818872452, "vae_recon": 0.96599942445755, "kl": 0.06298424210399389, "temporal": 0.2652970999479294, "aggregate": 1.335223764181137}, {"recon": 0.8678012937307358, "vae_recon": 0.9607356041669846, "kl": 0.05380044877529144, "temporal": 0.2669782117009163, "aggregate": 1.3982693552970886}, {"recon": 0.8658067137002945, "vae_recon": 0.958347275853157, "kl": 0.059119053184986115, "temporal": 0.2668735310435295, "aggregate": 1.2684788405895233}, {"recon": 0.8647184818983078, "vae_recon": 0.9395045787096024, "kl": 0.050133856013417244, "temporal": 0.2664034590125084, "aggregate": 1.378413587808609}, {"recon": 0.8646245896816254, "vae_recon": 0.924334853887558, "kl": 0.06969346478581429, "temporal": 0.26794134080410004, "aggregate": 1.3152287304401398}, {"recon": 0.8643895536661148, "vae_recon": 0.9190927296876907, "kl": 0.06919768452644348, "temporal": 0.26803623139858246, "aggregate": 1.4034616947174072}, {"recon": 0.8639967143535614, "vae_recon": 0.9052134454250336, "kl": 0.049243769608438015, "temporal": 0.269024983048439, "aggregate": 1.4142503142356873}, {"recon": 0.8653264343738556, "vae_recon": 0.8979925215244293, "kl": 0.0381197021342814, "temporal": 0.2676425203680992, "aggregate": 1.221123993396759}, {"recon": 0.8647895604372025, "vae_recon": 0.89369036257267, "kl": 0.024386247154325247, "temporal": 0.26756682991981506, "aggregate": 1.404326856136322}, {"recon": 0.8685809522867203, "vae_recon": 0.9100824594497681, "kl": 0.053390068002045155, "temporal": 0.26850928366184235, "aggregate": 1.3272427320480347}, {"recon": 0.8659766316413879, "vae_recon": 0.8957421630620956, "kl": 0.05717921396717429, "temporal": 0.26761090010404587, "aggregate": 1.3799583315849304}, {"recon": 0.8647207915782928, "vae_recon": 0.8898748755455017, "kl": 0.045782075729221106, "temporal": 0.2679598815739155, "aggregate": 1.3076791167259216}, {"recon": 0.866333395242691, "vae_recon": 0.8999858647584915, "kl": 0.03925469238311052, "temporal": 0.26671524345874786, "aggregate": 1.2567844688892365}, {"recon": 0.8664980828762054, "vae_recon": 0.9036420285701752, "kl": 0.029173046350479126, "temporal": 0.26687246561050415, "aggregate": 1.3092166483402252}, {"recon": 0.8664024323225021, "vae_recon": 0.8964095264673233, "kl": 0.012827797792851925, "temporal": 0.2667405977845192, "aggregate": 1.4245976507663727}, {"recon": 0.8661276698112488, "vae_recon": 0.8963184952735901, "kl": 0.0201170458458364, "temporal": 0.2674301564693451, "aggregate": 1.2873741686344147}, {"recon": 0.8644902855157852, "vae_recon": 0.8923678547143936, "kl": 0.015108684310689569, "temporal": 0.26739640533924103, "aggregate": 1.2046964168548584}, {"recon": 0.8646410554647446, "vae_recon": 0.8944347649812698, "kl": 0.013479813933372498, "temporal": 0.26681089401245117, "aggregate": 1.3552049398422241}, {"recon": 0.8635277152061462, "vae_recon": 0.8938830494880676, "kl": 0.011782517656683922,