{
    "CAPEX": 751955.0,
    "CAPEX_index": 1,
    "ESS_RTE": 21.0,
    "ESS_aux_load": 22.0,
    "ESS_capacity": 20.0,
    "ESS_charge_mode": 24,
    "ESS_charge_power": 18.0,
    "ESS_discharge_mode": 25,
    "ESS_discharge_power": 19.0,
    "ESS_start_SoC": 23.0,
    "Export_headroom": 17.0,
    "Fixed_load1_scalar": 1.0,
    "Fixed_load2_scalar": 2.0,
    "Flex_load_max": 3.0,
    "GridExport": 15.0,
    "GridImport": 14.0,
    "Import_headroom": 16.0,
    "Mop_load_max": 4.0,
    "ScalarHL1": 9.0,
    "ScalarHYield1": 10.0,
    "ScalarHYield2": 11.0,
    "ScalarHYield3": 12.0,
    "ScalarHYield4": 13.0,
    "ScalarRG1": 5.0,
    "ScalarRG2": 6.0,
    "ScalarRG3": 7.0,
    "ScalarRG4": 8.0,
    "annualised": 54265.05078125,
    "annualised_index": 1,
    "est_hours": -1447.40625,
    "est_seconds": 2.886674836509123e-43,
    "export_kWh_price": 4.203895392974451e-45,
    "import_kWh_price": 1.8216880036222622e-44,
    "maxVal": 0.0032027000561356544,
    "meanVal": 0.0011485624127089977,
    "minVal": 0.0003482000029180199,
    "num_scenarios": 473118811,
    "payback_horizon": 4.459845542907715,
    "payback_horizon_index": 1,
    "scenario_carbon_balance": 232194.21875,
    "scenario_carbon_balance_index": 19,
    "scenario_cost_balance": 169121.0625,
    "scenario_cost_balance_index": 6,
    "scenario_index": -1638149764,
    "time_taken": 0.04695950075984001
}