{"vae": {"train_loss": [0.42043765634298325, 0.4016183689236641, 0.39020751416683197, 0.37331483513116837, 0.3579002916812897, 0.35019704699516296, 0.34773439168930054, 0.34017112106084824, 0.3336150124669075, 0.3209146782755852, 0.30466412007808685, 0.28941610455513, 0.28007613494992256, 0.2713131234049797, 0.26202911883592606, 0.2530049532651901, 0.24878421053290367, 0.2459985874593258, 0.24445315822958946, 0.24640197679400444, 0.2410319671034813, 0.23872076719999313, 0.23770489916205406, 0.23840104788541794, 0.2345685437321663, 0.23406171798706055, 0.2317884974181652, 0.2338162660598755, 0.23131734877824783, 0.22964991629123688, 0.2275640070438385, 0.22847315296530724, 0.22879954800009727, 0.2265613079071045, 0.22749046236276627, 0.22626345604658127, 0.22628797218203545, 0.22657687589526176, 0.22919025272130966, 0.22681183740496635, 0.22592396289110184, 0.22763384506106377, 0.2254212386906147, 0.22446108236908913, 0.22363073751330376, 0.22425667941570282, 0.22299758344888687, 0.22510454431176186, 0.22270442917943, 0.22156374529004097], "val_loss": [0.4695177972316742, 0.4513123333454132, 0.46162453293800354, 0.46484699845314026, 0.4658607542514801, 0.4726586937904358, 0.5027111768722534, 0.47621309757232666, 0.48367753624916077, 0.4933452010154724, 0.4894232749938965, 0.413831889629364, 0.4641577899456024, 0.43659842014312744, 0.4227428436279297, 0.44188806414604187, 0.4007614254951477, 0.4335254430770874, 0.41827675700187683, 0.3941456377506256, 0.3938002586364746, 0.4140900671482086, 0.3861488997936249, 0.3848552405834198, 0.38859522342681885, 0.3853021562099457, 0.3926782011985779, 0.385897696018219, 0.38493800163269043, 0.3800889551639557, 0.38517940044403076, 0.3925206959247589, 0.38528159260749817, 0.39016029238700867, 0.3872717618942261, 0.3799646496772766, 0.3789065182209015, 0.3827841281890869, 0.4032212495803833, 0.3970237076282501, 0.3753295838832855, 0.38862118124961853, 0.39712047576904297, 0.3999630808830261, 0.3895672857761383, 0.39038923382759094, 0.39783966541290283, 0.3896072506904602, 0.39143243432044983, 0.3910823166370392], "train_components": [{"recon": 0.46971480548381805, "vae_recon": 0.41666024923324585, "kl": 0.5643941797316074, "temporal": 0.2197747342288494, "aggregate": 0.0}, {"recon": 0.42774078249931335, "vae_recon": 0.4012485444545746, "kl": 0.03716150215041125, "temporal": 0.19513241201639175, "aggregate": 0.0}, {"recon": 0.4324905574321747, "vae_recon": 0.3902074620127678, "kl": 3.4582335501909256e-06, "temporal": 0.19631189480423927, "aggregate": 0.0}, {"recon": 0.45174404233694077, "vae_recon": 0.3733145296573639, "kl": 1.3960758224129677e-05, "temporal": 0.18988751620054245, "aggregate": 0.0}, {"recon": 0.4570365250110626, "vae_recon": 0.3579002916812897, "kl": 0.0, "temporal": 0.18032712116837502, "aggregate": 0.0}, {"recon": 0.4372272491455078, "vae_recon": 0.35019704699516296, "kl": 0.0, "temporal": 0.1794375777244568, "aggregate": 0.0}, {"recon": 0.43100372701883316, "vae_recon": 0.34773439168930054, "kl": 0.0, "temporal": 0.18114661797881126, "aggregate": 0.0}, {"recon": 0.4328541234135628, "vae_recon": 0.34016555547714233, "kl": 5.57794701308012e-05, "temporal": 0.17395981773734093, "aggregate": 0.0}, {"recon": 0.442513108253479, "vae_recon": 0.3336140960454941, "kl": 6.440561264753342e-06, "temporal": 0.17550509050488472, "aggregate": 0.0}, {"recon": 0.4446910172700882, "vae_recon": 0.3209146782755852, "kl": 0.0, "temporal": 0.17433300986886024, "aggregate": 0.0}, {"recon": 0.441576324403286, "vae_recon": 0.30466412007808685, "kl": 0.0, "temporal": 0.17146699503064156, "aggregate": 0.0}, {"recon": 0.43358447402715683, "vae_recon": 0.28941610455513, "kl": 0.0, "temporal": 0.1711409129202366, "aggregate": 0.0}, {"recon": 0.42790305614471436, "vae_recon": 0.28007613494992256, "kl": 0.0, "temporal": 0.1721208579838276, "aggregate": 0.0}, {"recon": 0.42485424131155014, "vae_recon": 0.2713131234049797, "kl": 0.0, "temporal": 0.17149563133716583, "aggregate": 0.0}, {"recon": 0.4277401939034462, "vae_recon": 0.26202911883592606, "kl": 0.0, "temporal": 0.17072510346770287, "aggregate": 0.0}, {"recon": 0.4345368668437004, "vae_recon": 0.2530049532651901, "kl": 0.0, "temporal": 0.17089494690299034, "aggregate": 0.0}, {"recon": 0.4369879737496376, "vae_recon": 0.24878421053290367, "kl": 0.0, "temporal": 0.17085961997509003, "aggregate": 0.0}, {"recon": 0.4345061108469963, "vae_recon": 0.2459985874593258, "kl": 0.0, "temporal": 0.17110034823417664, "aggregate": 0.0}, {"recon": 0.429790236055851, "vae_recon": 0.24445315822958946, "kl": 0.0, "temporal": 0.17076041921973228, "aggregate": 0.0}, {"recon": 0.4288671761751175, "vae_recon": 0.24640197679400444, "kl": 0.0, "temporal": 0.17120139673352242, "aggregate": 0.0}, {"recon": 0.4301629588007927, "vae_recon": 0.2410319671034813, "kl": 0.0, "temporal": 0.1708456128835678, "aggregate": 0.0}, {"recon": 0.43280038982629776, "vae_recon": 0.23872076719999313, "kl": 0.0, "temporal": 0.1706019565463066, "aggregate": 0.0}, {"recon": 0.43216726183891296, "vae_recon": 0.23770489916205406, "kl": 0.0, "temporal": 0.17036499828100204, "aggregate": 0.0}, {"recon": 0.43220140039920807, "vae_recon": 0.23840104788541794, "kl": 0.0, "temporal": 0.1709505096077919, "aggregate": 0.0}, {"recon": 0.4306611269712448, "vae_recon": 0.2345685437321663, "kl": 0.0, "temporal": 0.17061983793973923, "aggregate": 0.0}, {"recon": 0.4319501221179962, "vae_recon": 0.23406171798706055, "kl": 0.0, "temporal": 0.17051630839705467, "aggregate": 0.0}, {"recon": 0.43084079772233963, "vae_recon": 0.2317884974181652, "kl": 0.0, "temporal": 0.1703779101371765, "aggregate": 0.0}, {"recon": 0.433183029294014, "vae_recon": 0.2338162660598755, "kl": 0.0, "temporal": 0.17111452296376228, "aggregate": 0.0}, {"recon": 0.4321063905954361, "vae_recon": 0.23131734877824783, "kl": 0.0, "temporal": 0.17073068022727966, "aggregate": 0.0}, {"recon": 0.4316108524799347, "vae_recon": 0.22964991629123688, "kl": 0.0, "temporal": 0.17065510153770447, "aggregate": 0.0}, {"recon": 0.43138911575078964, "vae_recon": 0.2275640070438385, "kl": 0.0, "temporal": 0.17055348306894302, "aggregate": 0.0}, {"recon": 0.43079663813114166, "vae_recon": 0.22847315296530724, "kl": 0.0, "temporal": 0.17040656134486198, "aggregate": 0.0}, {"recon": 0.4321160838007927, "vae_recon": 0.22879954800009727, "kl": 0.0, "temporal": 0.170536857098341, "aggregate": 0.0}, {"recon": 0.430857390165329, "vae_recon": 0.2265613079071045, "kl": 0.0, "temporal": 0.17026197537779808, "aggregate": 0.0}, {"recon": 0.4317992851138115, "vae_recon": 0.22749046236276627, "kl": 0.0, "temporal": 0.1711929328739643, "aggregate": 0.0}, {"recon": 0.43074606359004974, "vae_recon": 0.22626345604658127, "kl": 0.0, "temporal": 0.17049811035394669, "aggregate": 0.0}, {"recon": 0.4309019446372986, "vae_recon": 0.22628797218203545, "kl": 0.0, "temporal": 0.17051717266440392, "aggregate": 0.0}, {"recon": 0.43096643686294556, "vae_recon": 0.22657687589526176, "kl": 0.0, "temporal": 0.1704322174191475, "aggregate": 0.0}, {"recon": 0.4325055629014969, "vae_recon": 0.22919025272130966, "kl": 0.0, "temporal": 0.1709672026336193, "aggregate": 0.0}, {"recon": 0.43090255558490753, "vae_recon": 0.22681183740496635, "kl": 0.0, "temporal": 0.1704232431948185, "aggregate": 0.0}, {"recon": 0.4312167763710022, "vae_recon": 0.22592396289110184, "kl": 0.0, "temporal": 0.17052986845374107, "aggregate": 0.0}, {"recon": 0.4319361597299576, "vae_recon": 0.22763384506106377, "kl": 0.0, "temporal": 0.170702762901783, "aggregate": 0.0}, {"recon": 0.4322845935821533, "vae_recon": 0.2254212386906147, "kl": 0.0, "temporal": 0.17045492678880692, "aggregate": 0.0}, {"recon": 0.4307115525007248, "vae_recon": 0.22446108236908913, "kl": 0.0, "temporal": 0.17050382867455482, "aggregate": 0.0}, {"recon": 0.43138813227415085, "vae_recon": 0.22363073751330376, "kl": 0.0, "temporal": 0.17071089148521423, "aggregate": 0.0}, {"recon": 0.43118585646152496, "vae_recon": 0.22425667941570282, "kl": 0.0,