{"order": [1, 3], "ar_params": [1.0, -0.7445574917322814], "ma_params": [1.0, -0.07446984256988964, -0.2379718988065461, -0.016904322284920326], "sigma": 0.9995354558671287, "daily_active_std": 5.028871716917558}