{"daily_median_baselined_consumption": -2.220446049250313e-15, "hh_min_baselined_consumption": [-0.038541666666666585, -0.048541666666666594, -0.048541666666666594, -0.038541666666666585, -0.038541666666666585, -0.048541666666666594, -0.048541666666666594, -0.038541666666666585, -0.0585416666666666, -0.06854166666666661, -0.06854166666666661, -0.0585416666666666, -0.06854166666666661, -0.018541666666666623, -0.06854166666666661, -0.07083333333333336, -0.07854166666666662, -0.08083333333333337, -0.07854166666666662, -0.06187500000000029, -0.07854166666666662, -0.07854166666666662, -0.07854166666666662, -0.06187500000000029, -0.07854166666666662, -0.09083333333333338, -0.08083333333333337, -0.06187500000000029, -0.08083333333333337, -0.08083333333333337, -0.08083333333333337, -0.07083333333333336, -0.08083333333333337, -0.08083333333333337, -0.07083333333333336, -0.06187500000000029, -0.07854166666666662, -0.07854166666666662, -0.07854166666666662, -0.06187500000000029, -0.07854166666666662, -0.06854166666666661, -0.048541666666666594, -0.048541666666666594, -0.0585416666666666, -0.0585416666666666, -0.038541666666666585, -0.048541666666666594], "hh_max_baselined_consumption": [0.1281249999999997, 0.07916666666666661, 0.09395833333333331, 0.09083333333333327, 0.12416666666666654, 0.10395833333333332, 0.09916666666666663, 0.10083333333333327, 0.07916666666666661, 0.09916666666666663, 0.08916666666666662, 0.07083333333333325, 0.0639583333333334, 0.11916666666666664, 0.06083333333333335, 0.03416666666666651, 0.12416666666666654, 0.16416666666666657, 0.08416666666666656, 0.0893750000000001, 0.04937500000000006, 0.027916666666666534, 0.032291666666666385, -0.002916666666666512, -0.01062499999999994, 0.04166666666666663, 0.14291666666666653, 0.04708333333333348, 0.004166666666666541, 0.24145833333333339, 0.6214583333333334, 0.2814583333333334, 0.44145833333333334, 0.3514583333333334, 0.3914583333333334, 0.11145833333333338, 0.02416666666666656, 0.0691666666666666, 0.03916666666666668, 0.04916666666666658, 0.06020833333333314, 0.05020833333333313, 0.0691666666666666, 0.07062500000000022, 0.1281249999999997, 0.08083333333333326, 0.0691666666666666, 0.08916666666666662], "hh_min_noise": [-0.20249034522242138, -0.20822875579107272, -0.21130448202662339, -0.21245705198476758, -0.2121938944377026, -0.21128034701556253, -0.21017657582174482, -0.20955610382112333, -0.20266708685319113, -0.20220970830417925, -0.22686777682991346, -0.13117515461827614, -0.14231431493300523, -0.13727190681587526, -0.1769031516508748, -0.4557847893429553, -0.5568628945353902, -0.5357538994761438, -0.850834120869195, -0.3833336012365174, -0.5957930296557441, -0.5887205354249361, -0.7878085710469884, -0.6281599441444763, -0.39339679100587344, -0.963017662881382, -0.6096846990274849, -0.772928351594298, -0.6818527876159151, -0.5138289464565096, -0.650582465175729, -0.8836517131816177, -1.0075703328943102, -0.8510169662904139, -0.5290142085539309, -0.44631572229607164, -0.4025399000616482, -0.29342106500615794, -0.14903806089612695, -0.17871535584686285, -0.1970272103308428, -0.20511750586989236, -0.17988500965257878, -0.20598255928642464, -0.2097358037921807, -0.21412740047944984, -0.21556060257361687, -0.21390489276846772], "hh_max_noise": [0.3303780964177278, 0.32473977674767757, 0.31167583408365107, 0.3104996777783786, 0.32068195012328116, 0.3116067504785294, 0.3126537961144577, 0.31319755067045263, 0.3526054244382865, 0.2902189654351478, 1.095016294105954, 1.0579762641761579, 1.1751817173775003, 0.5226440445809636, 0.26198621032892055, 0.5902307042412217, 0.7914076743086527, 1.2709475978964193, 0.9434818171240296, 0.8220996324331458, 0.3330269698477775, 1.2750480511141074, 0.4017482740226088, 1.1079135643621407, 0.4902466115094314, 0.5259386470410061, 1.0405655227947297, 0.3064953767566298, 0.3882205528246196, 0.6101283698213316, 0.40989097416794845, 0.29040536653657784, 0.5276027443594241, 0.5835573491735775, 0.8599863832375354, 0.5761697589681825, 0.733653923849381, 1.1585025977097758, 1.321922425656129, 1.356494245712071, 0.4630292137506031, 0.3083384803984613, 0.32239112607270776, 0.31778142105234575, 0.36320048791601145, 0.30969488046788907, 0.30827486563279255, 0.30993896388005376]}