{"order": [1, 3], "ar_params": [1.0, -0.7656557662195445], "ma_params": [1.0, -0.1648679471327268, -0.013719369291492799, 0.09590974614708948], "sigma": 0.907729956697953}