{"vae": {"train_loss": [468.721435546875, 223.42584609985352, 144.3627691268921, 90.54481220245361, 80.28250885009766, 50.62563991546631, 52.40091419219971, 109.15401268005371, 64.67262554168701, 36.30183696746826, 24.78165292739868, 17.370291471481323, 16.145560026168823, 11.284809589385986, 8.964986324310303, 7.603673458099365, 7.0997151136398315, 6.070230484008789, 5.269586563110352, 4.9568551778793335, 4.384412050247192, 4.275705873966217, 4.346021294593811, 4.142774283885956, 4.3303762674331665, 3.6749438047409058, 3.4246163964271545, 3.042027175426483, 3.1295512318611145, 2.7617655992507935, 2.7576706409454346, 2.572262406349182, 2.5050511360168457, 2.456824243068695, 15.545138835906982, 443.25826263427734, 292.0542297363281, 74.51903915405273, 56.375380992889404, 20.63234257698059, 24.065931797027588, 26.51732873916626, 24.162787914276123, 21.62147283554077, 18.607802867889404, 13.966633796691895, 10.454368114471436, 8.69706392288208, 7.503913879394531], "val_loss": [179.82205200195312, 41.23175048828125, 47.51234436035156, 73.39778137207031, 49.274452209472656, 25.239219665527344, 31.510643005371094, 108.02007293701172, 34.85313415527344, 30.976829528808594, 11.625832557678223, 12.938940048217773, 10.491241455078125, 8.598382949829102, 9.208898544311523, 6.848882675170898, 5.433976173400879, 5.169246673583984, 5.178957939147949, 4.00865364074707, 3.95892333984375, 4.085190773010254, 4.159595012664795, 3.5015506744384766, 3.837616443634033, 3.3814120292663574, 2.598987579345703, 3.5786185264587402, 2.6734721660614014, 2.491521120071411, 2.7055797576904297, 2.2773690223693848, 2.578747510910034, 2.2628068923950195, 164.9702606201172, 304.3158264160156, 31.668033599853516, 49.75910949707031, 11.39408016204834, 18.650623321533203, 15.73382568359375, 13.81751537322998, 16.836761474609375, 19.37510108947754, 17.36495590209961, 13.893804550170898, 11.503680229187012, 10.29198932647705, 9.57610034942627], "train_components": [{"recon": 0.8997295647859573, "vae_recon": 1.4829279035329819, "kl": 402.92522206902504, "temporal": 0.25433531031012535, "aggregate": 467.23850977420807}, {"recon": 0.9038229584693909, "vae_recon": 3.024857461452484, "kl": 1237.2591857910156, "temporal": 0.2550690285861492, "aggregate": 96.67506527900696}, {"recon": 0.8958095610141754, "vae_recon": 3.1890843510627747, "kl": 123.41385555267334, "temporal": 0.25366540625691414, "aggregate": 116.49091148376465}, {"recon": 0.8639023005962372, "vae_recon": 3.5267685055732727, "kl": 202.7523307800293, "temporal": 0.24776486679911613, "aggregate": 26.192341446876526}, {"recon": 0.873958557844162, "vae_recon": 3.6455055475234985, "kl": 160.47049713134766, "temporal": 0.24811003357172012, "aggregate": 12.448800444602966}, {"recon": 0.8680944293737411, "vae_recon": 3.8243969082832336, "kl": 74.13174438476562, "temporal": 0.24790581688284874, "aggregate": 9.735372245311737}, {"recon": 0.8647531718015671, "vae_recon": 3.7339033484458923, "kl": 67.1846079826355, "temporal": 0.2479807510972023, "aggregate": 8.356244206428528}, {"recon": 0.8591353595256805, "vae_recon": 4.033662497997284, "kl": 141.19606018066406, "temporal": 0.2503753863275051, "aggregate": 6.283111214637756}, {"recon": 0.8624049127101898, "vae_recon": 4.220282971858978, "kl": 68.22404289245605, "temporal": 0.24940400943160057, "aggregate": 5.873107075691223}, {"recon": 0.8599044531583786, "vae_recon": 3.476660370826721, "kl": 30.184304237365723, "temporal": 0.2487986572086811, "aggregate": 5.659303307533264}, {"recon": 0.8598397225141525, "vae_recon": 3.3429974913597107, "kl": 16.489789724349976, "temporal": 0.2492796741425991, "aggregate": 4.948866009712219}, {"recon": 0.8597087115049362, "vae_recon": 3.459157943725586, "kl": 11.88431191444397, "temporal": 0.2460445612668991, "aggregate": 2.0268220007419586}, {"recon": 0.8572448343038559, "vae_recon": 3.3384952545166016, "kl": 8.957912921905518, "temporal": 0.24588090181350708, "aggregate": 3.849151849746704}, {"recon": 0.8568757027387619, "vae_recon": 3.2905850410461426, "kl": 5.109463691711426, "temporal": 0.24579962342977524, "aggregate": 2.8847607374191284}, {"recon": 0.8647332340478897, "vae_recon": 3.1079559922218323, "kl": 3.1244054436683655, "temporal": 0.2467375136911869, "aggregate": 2.7326250672340393}, {"recon": 0.860676109790802, "vae_recon": 2.7769824266433716, "kl": 2.5262084007263184, "temporal": 0.2454945594072342, "aggregate": 2.300482451915741}, {"recon": 0.8592883199453354, "vae_recon": 2.628449559211731, "kl": 2.3050975799560547, "temporal": 0.24598023667931557, "aggregate": 2.166168123483658}, {"recon": 0.8586413264274597, "vae_recon": 2.4325398802757263, "kl": 1.5864821672439575, "temporal": 0.24530426412820816, "aggregate": 2.0512085258960724}, {"recon": 0.8590500056743622, "vae_recon": 2.310437500476837, "kl": 1.0192099213600159, "temporal": 0.2462771013379097, "aggregate": 1.939939022064209}, {"recon": 0.8581177741289139, "vae_recon": 2.1654043793678284, "kl": 1.1961537599563599, "temporal": 0.24565987661480904, "aggregate": 1.5952972173690796}, {"recon": 0.8609778732061386, "vae_recon": 2.0357954502105713, "kl": 0.7110659182071686, "temporal": 0.24496906250715256, "aggregate": 1.637550711631775}, {"recon": 0.8602840751409531, "vae_recon": 1.9028472900390625, "kl": 0.7759783193469048, "temporal": 0.24526773393154144, "aggregate": 1.5968802571296692}, {"recon": 0.8611523658037186, "vae_recon": 1.690631091594696, "kl": 1.1064096987247467, "temporal": 0.24485324695706367, "aggregate": 1.548980563879013}, {"recon": 0.8595620840787888, "vae_recon": 1.5829934477806091, "kl": 1.0599755346775055, "temporal": 0.24488496035337448, "aggregate": 1.4998053908348083}, {"recon": 0.8601561337709427, "vae_recon": 1.5339136123657227, "kl": 1.3473575711250305, "temporal": 0.24492871016263962, "aggregate": 1.4491050243377686}, {"recon": 0.8600092828273773, "vae_recon": 1.392065316438675, "kl": 0.8714590519666672, "temporal": 0.24543152749538422, "aggregate": 1.41141939163208}, {"recon": 0.8585239052772522, "vae_recon": 1.2737796008586884, "kl": 0.7780792713165283, "temporal": 0.2446034848690033, "aggregate": 1.3727575242519379}, {"recon": 0.8592812269926071, "vae_recon": 1.2402388155460358, "kl": 0.3949843496084213, "temporal": 0.24417239055037498, "aggregate": 1.4068040549755096}, {"recon": 0.863442987203598, "vae_recon": 1.245768964290619, "kl": 0.5372926741838455, "temporal": 0.24429624155163765, "aggregate": 1.3464896082878113}, {"recon": 0.8602568507194519, "vae_recon": 1.1798621118068695, "kl": 0.31867580488324165, "temporal": 0.24461709335446358, "aggregate": 1.2632276713848114}, {"recon": 0.8603351712226868, "vae_recon": 1.129166156053543, "kl": 0.39015675336122513, "temporal": 0.2446841597557068, "aggregate": 1.238347738981247}, {"recon": 0.8617884069681168, "vae_recon": 1.1036572754383087, "kl": 0.23261511698365211, "temporal": 0.24386551603674889, "aggregate": 1.2359899878501892}, {"recon": 0.8637057840824127, "vae_recon": 1.0945120751857758, "kl": 0.2262079454958439, "temporal": 0.24408311024308205, "aggregate": 1.1843311190605164}, {"recon": 0.8626158088445663, "vae_recon": 1.0459901839494705, "kl": 0.18445197865366936, "temporal": 0.24301589652895927, "aggregate": 1.226382166147232}, {"recon": 0.8620425164699554, "vae_recon": 1.0718373954296112, "kl": 13.286042012274265, "temporal": 0.2439054138958454, "aggregate": 1.1872595250606537}, {"recon": 0.8656465709209442, "vae_recon": 1.081521898508072, "kl": 440.9681854248047, "temporal": 0.24410215020179749, "aggregate": 1.20855513215065}, {"recon": 0.863054171204567, "vae_recon": 0.9607381224632263, "kl": 289.8564567565918, "temporal": 0.24353818222880363, "aggregate": 1.237031728029251}, {"recon": 0.859610915184021, "vae_recon": 0.8653395920991898, "kl": 72.5218563079834, "temporal": 0.24334774538874626, "aggregate": 1.1318416148424149}, {"recon": 0.8588243424892426, "vae_recon": 0.9429724514484406, "kl": 54.13304662704468, "temporal": 0.24262244254350662,