{"vae": {"train_loss": [0.4110249653458595, 0.3938838168978691, 0.3701125979423523, 0.35353200882673264, 0.35168205946683884, 0.334270216524601, 0.31818000227212906, 0.2961077094078064, 0.26552024483680725, 0.2591632008552551, 0.4797743856906891, 0.37714552134275436, 0.3384094089269638, 0.33356286585330963, 0.34238187968730927, 0.37392862886190414, 0.4209701269865036, 0.4895148053765297, 0.587700754404068, 0.719561755657196, 0.8862316161394119, 1.0876184403896332, 1.3162480890750885, 1.5513947308063507, 1.7826863825321198, 1.9853593111038208, 2.15780508518219, 2.2919705510139465, 2.3905383348464966, 2.464710533618927, 2.5162326097488403, 2.5516968965530396, 2.577713429927826, 2.59411358833313, 2.6036715507507324, 2.61278235912323, 2.617617964744568, 2.6218159794807434, 2.624699056148529, 2.6262558102607727, 2.6267613768577576, 2.626869022846222, 2.6264779567718506, 2.6277331113815308, 2.626907527446747, 2.629329800605774, 2.6288052201271057, 2.6270984411239624, 2.6284651160240173, 2.627512514591217], "val_loss": [0.45910215377807617, 0.4629330337047577, 0.47504857182502747, 0.471689373254776, 0.45837515592575073, 0.44892123341560364, 0.42290547490119934, 0.43773916363716125, 0.45536479353904724, 0.4001500606536865, 0.43202054500579834, 0.5053879022598267, 0.47687435150146484, 0.5177123546600342, 0.5465625524520874, 0.5725577473640442, 0.6293666958808899, 0.7040528655052185, 0.7883468270301819, 0.9193440079689026, 1.072250247001648, 1.2735015153884888, 1.5045387744903564, 1.745441198348999, 1.9733946323394775, 2.1713690757751465, 2.34367036819458, 2.469742774963379, 2.575319766998291, 2.6461684703826904, 2.6949870586395264, 2.7329506874084473, 2.7504708766937256, 2.7682945728302, 2.783413887023926, 2.789288282394409, 2.795759677886963, 2.800676107406616, 2.8030147552490234, 2.803027391433716, 2.8028924465179443, 2.8052823543548584, 2.8025870323181152, 2.805856704711914, 2.8060669898986816, 2.802821159362793, 2.8047471046447754, 2.8028950691223145, 2.8055295944213867, 2.803576946258545], "train_components": [{"recon": 0.5272324234247208, "vae_recon": 0.4110249653458595, "kl": 2.432256817817688, "temporal": 0.2028338424861431, "aggregate": 0.0}, {"recon": 0.4053916856646538, "vae_recon": 0.3938838168978691, "kl": 4.8011409640312195, "temporal": 0.17860018089413643, "aggregate": 0.0}, {"recon": 0.4143797904253006, "vae_recon": 0.3701125979423523, "kl": 12.486688613891602, "temporal": 0.18461088091135025, "aggregate": 0.0}, {"recon": 0.41690241545438766, "vae_recon": 0.35353200882673264, "kl": 24.394880294799805, "temporal": 0.17671577632427216, "aggregate": 0.0}, {"recon": 0.46350716054439545, "vae_recon": 0.35168205946683884, "kl": 30.622331142425537, "temporal": 0.17616558820009232, "aggregate": 0.0}, {"recon": 0.4673485830426216, "vae_recon": 0.334270216524601, "kl": 34.775875091552734, "temporal": 0.17579831555485725, "aggregate": 0.0}, {"recon": 0.42834432423114777, "vae_recon": 0.31818000227212906, "kl": 52.47911071777344, "temporal": 0.17240962386131287, "aggregate": 0.0}, {"recon": 0.40714623779058456, "vae_recon": 0.2961077094078064, "kl": 49.737688064575195, "temporal": 0.17195767164230347, "aggregate": 0.0}, {"recon": 0.43069781363010406, "vae_recon": 0.26552024483680725, "kl": 59.88523578643799, "temporal": 0.1718740239739418, "aggregate": 0.0}, {"recon": 0.4568127393722534, "vae_recon": 0.2591632008552551, "kl": 65.41634845733643, "temporal": 0.17248529568314552, "aggregate": 0.0}, {"recon": 0.43808794766664505, "vae_recon": 0.2915446050465107, "kl": 28.124006032943726, "temporal": 0.17173689231276512, "aggregate": 0.0}, {"recon": 0.42554590106010437, "vae_recon": 0.3462431952357292, "kl": 3.1051984429359436, "temporal": 0.17128544300794601, "aggregate": 0.0}, {"recon": 0.4289123862981796, "vae_recon": 0.2999115586280823, "kl": 2.6057774424552917, "temporal": 0.17106717079877853, "aggregate": 0.0}, {"recon": 0.4347744360566139, "vae_recon": 0.277838084846735, "kl": 2.546688437461853, "temporal": 0.17119330912828445, "aggregate": 0.0}, {"recon": 0.43414074927568436, "vae_recon": 0.2648727521300316, "kl": 2.4000000953674316, "temporal": 0.1710449457168579, "aggregate": 0.0}, {"recon": 0.4341866075992584, "vae_recon": 0.26010652631521225, "kl": 2.4000000953674316, "temporal": 0.1707623265683651, "aggregate": 0.0}, {"recon": 0.43152744323015213, "vae_recon": 0.25503789633512497, "kl": 2.4000000953674316, "temporal": 0.1711016595363617, "aggregate": 0.0}, {"recon": 0.4295780286192894, "vae_recon": 0.250113632529974, "kl": 2.4000000953674316, "temporal": 0.1706043742597103, "aggregate": 0.0}, {"recon": 0.43032480776309967, "vae_recon": 0.24725818261504173, "kl": 2.4000000953674316, "temporal": 0.17085398733615875, "aggregate": 0.0}, {"recon": 0.4333736300468445, "vae_recon": 0.2448030523955822, "kl": 2.4000000953674316, "temporal": 0.17124032601714134, "aggregate": 0.0}, {"recon": 0.4335547685623169, "vae_recon": 0.24077214673161507, "kl": 2.4000000953674316, "temporal": 0.1707816906273365, "aggregate": 0.0}, {"recon": 0.4314773753285408, "vae_recon": 0.23678386583924294, "kl": 2.40115624666214, "temporal": 0.170697882771492, "aggregate": 0.0}, {"recon": 0.43147192150354385, "vae_recon": 0.23584967106580734, "kl": 2.4000000953674316, "temporal": 0.17037805169820786, "aggregate": 0.0}, {"recon": 0.4305093362927437, "vae_recon": 0.23179307207465172, "kl": 2.4000000953674316, "temporal": 0.17067479342222214, "aggregate": 0.0}, {"recon": 0.43201927840709686, "vae_recon": 0.23311115056276321, "kl": 2.4000000953674316, "temporal": 0.17092737928032875, "aggregate": 0.0}, {"recon": 0.43083614110946655, "vae_recon": 0.23081859573721886, "kl": 2.4000000953674316, "temporal": 0.17061112448573112, "aggregate": 0.0}, {"recon": 0.43236956000328064, "vae_recon": 0.23256373032927513, "kl": 2.4000000953674316, "temporal": 0.17083648219704628, "aggregate": 0.0}, {"recon": 0.4320095032453537, "vae_recon": 0.23241311684250832, "kl": 2.4000000953674316, "temporal": 0.17087337747216225, "aggregate": 0.0}, {"recon": 0.43198200315237045, "vae_recon": 0.2299395687878132, "kl": 2.4000000953674316, "temporal": 0.17067011445760727, "aggregate": 0.0}, {"recon": 0.43117549270391464, "vae_recon": 0.2306426502764225, "kl": 2.4000000953674316, "temporal": 0.1707790307700634, "aggregate": 0.0}, {"recon": 0.4315783604979515, "vae_recon": 0.22953244298696518, "kl": 2.4005481004714966, "temporal": 0.17034529894590378, "aggregate": 0.0}, {"recon": 0.43203427642583847, "vae_recon": 0.22920594736933708, "kl": 2.4000000953674316, "temporal": 0.17068615555763245, "aggregate": 0.0}, {"recon": 0.4310731291770935, "vae_recon": 0.23022838681936264, "kl": 2.4000000953674316, "temporal": 0.17029941827058792, "aggregate": 0.0}, {"recon": 0.4318715110421181, "vae_recon": 0.22957109659910202, "kl": 2.4000000953674316, "temporal": 0.17086610570549965, "aggregate": 0.0}, {"recon": 0.43102504312992096, "vae_recon": 0.22755574062466621, "kl": 2.4000000953674316, "temporal": 0.17050836980342865, "aggregate": 0.0}, {"recon": 0.432093545794487, "vae_recon": 0.22884496673941612, "kl": 2.4000000953674316, "temporal": 0.17073197290301323, "aggregate": 0.0}, {"recon": 0.4320167750120163, "vae_recon": 0.22840891405940056, "kl": 2.4000000953674316, "temporal": 0.17081039771437645, "aggregate": 0.0}, {"recon": 0.43146176636219025, "vae_recon": 0.22906026989221573, "kl": 2.4000000953674316, "temporal": 0.1706024706363678, "aggregate": 0.0}, {"recon": 0.4322555139660835, "vae_recon": 0.22955958545207977, "kl": 2.4000000953674316, "temporal": 0.17081497982144356, "aggregate": 0.0}, {"recon": 0.4322507083415985, "vae_recon": 0.22951609641313553, "kl": 2.4000000953674316, "temporal": 0.17061739042401314, "aggregate": 0.0}, {"recon": 0.43179604411125183, "vae_recon": 0.22894782572984695, "kl": 2.4000000953674316, "temporal": 0.1705177165567875, "aggregate": 0.0}, {"recon": 0.4310421571135521, "vae_recon": 0.22833500429987907, "kl": 2.4000000953674316, "temporal": 0.17048479616641998,