{
    "ASHP_HPower": [
        70.0,
        70.0,
        0.0
    ],
    "ASHP_HSource": [
        1,
        2,
        1
    ],
    "ASHP_HotTemp": [
        43.0,
        43.0,
        0.0
    ],
    "ASHP_RadTemp": [
        70.0,
        70.0,
        0.0
    ],
    "CAPEX_limit": 500.0,
    "ESS_capacity": [
        800.0,
        800.0,
        0.0
    ],
    "ESS_charge_mode": [
        1,
        1,
        0.0
    ],
    "ESS_charge_power": [
        300.0,
        600.0,
        20.0
    ],
    "ESS_discharge_mode": [
        1,
        1,
        0.0
    ],
    "ESS_discharge_power": [
        300.0,
        600.0,
        4.0
    ],
    "ESS_start_SoC": [
        0.5,
        0.5,
        0.0
    ],
    "EV_flex": [
        0.5,
        0.5,
        0.0
    ],
    "Export_headroom": [
        0.0,
        0.0,
        0.0
    ],
    "Export_kWh_price": 5.0,
    "Fixed_load1_scalar": [
        1.0,
        1.0,
        0.0
    ],
    "Fixed_load2_scalar": [
        3.0,
        3.0,
        0.0
    ],
    "Flex_load_max": [
        50.0,
        50.0,
        0.0
    ],
    "GridExport": [
        100.0,
        100.0,
        0.0
    ],
    "GridImport": [
        140.0,
        140.0,
        0.0
    ],
    "Import_headroom": [
        0.4000000059604645,
        0.4000000059604645,
        0.0
    ],
    "Min_power_factor": [
        0.949999988079071,
        0.949999988079071,
        0.0
    ],
    "Mop_load_max": [
        300.0,
        300.0,
        0.0
    ],
    "OPEX_limit": 100.0,
    "ScalarHL1": [
        1.0,
        1.0,
        0.0
    ],
    "ScalarHYield": [
        0.75,
        0.75,
        0.0
    ],
    "ScalarRG1": [
        599.2000122070313,
        599.2000122070313,
        0.0
    ],
    "ScalarRG2": [
        75.5999984741211,
        75.5999984741211,
        0.0
    ],
    "ScalarRG3": [
        60.47999954223633,
        60.47999954223633,
        0.0
    ],
    "ScalarRG4": [
        0.0,
        0.0,
        0.0
    ],
    "f22_EV_CP_number": [
        3,
        3,
        0
    ],
    "r50_EV_CP_number": [
        0,
        0,
        0
    ],
    "s7_EV_CP_number": [
        0,
        0,
        0
    ],
    "target_max_concurrency": 44,
    "time_budget_min": 5.0,
    "timestep_hours": 1.0,
    "timewindow": 8760.0,
    "u150_EV_CP_number": [
        0,
        0,
        0
    ]
}