{"vae": {"train_loss": [0.41047751158475876, 0.3965167850255966, 0.3843950778245926, 0.37021133303642273, 0.35899047553539276, 0.3559900298714638, 0.349262036383152, 0.3392493352293968, 0.322266086935997, 0.3138827383518219, 0.4162091538310051, 0.3598622530698776, 0.34386634081602097, 0.34944458305835724, 0.3642052039504051, 0.39356694370508194, 0.4372585564851761, 0.509295180439949, 0.6119018197059631, 0.7403048127889633, 0.907226026058197, 1.1113645434379578, 1.335519403219223, 1.572697937488556, 1.805207759141922, 2.0076737999916077, 2.176434576511383, 2.309059202671051, 2.410799264907837, 2.4839313626289368, 2.5342620611190796, 2.570876657962799, 2.5954607129096985, 2.6132113933563232, 2.6238656640052795, 2.631823778152466, 2.6372973918914795, 2.639128088951111, 2.641617774963379, 2.6500571370124817, 2.644490599632263, 2.6433663368225098, 2.645481765270233, 2.645454704761505, 2.645120680332184, 2.64381206035614, 2.64624160528183, 2.6465001106262207, 2.645736038684845, 2.645931661128998], "val_loss": [0.46551603078842163, 0.4688299596309662, 0.47211870551109314, 0.47789257764816284, 0.46029144525527954, 0.4999154806137085, 0.49265405535697937, 0.47879552841186523, 0.4599519670009613, 0.440458208322525, 0.5511362552642822, 0.4965158700942993, 0.4919496178627014, 0.47399792075157166, 0.5522985458374023, 0.6461755633354187, 0.6756027340888977, 0.7666325569152832, 0.9046860933303833, 1.0651379823684692, 1.3249675035476685, 1.5438268184661865, 1.7252631187438965, 1.965781569480896, 2.1947574615478516, 2.404374599456787, 2.506621837615967, 2.646341323852539, 2.7526774406433105, 2.8356521129608154, 2.9011313915252686, 2.945214033126831, 2.971639633178711, 3.0001139640808105, 3.0124588012695312, 3.0269503593444824, 3.0393030643463135, 3.0514533519744873, 3.059351682662964, 3.0644373893737793, 3.0690417289733887, 3.072500228881836, 3.0767159461975098, 3.075467109680176, 3.077194929122925, 3.078939437866211, 3.0805320739746094, 3.081547498703003, 3.0842647552490234, 3.086709499359131], "train_components": [{"recon": 0.564585268497467, "vae_recon": 0.41047751158475876, "kl": 2.7395304441452026, "temporal": 0.2308221347630024, "aggregate": 0.0}, {"recon": 0.44012925028800964, "vae_recon": 0.3965167850255966, "kl": 4.626119911670685, "temporal": 0.1889943815767765, "aggregate": 0.0}, {"recon": 0.43187494575977325, "vae_recon": 0.3843950778245926, "kl": 9.925765752792358, "temporal": 0.20841578021645546, "aggregate": 0.0}, {"recon": 0.4428262561559677, "vae_recon": 0.37021133303642273, "kl": 13.301524639129639, "temporal": 0.19478623196482658, "aggregate": 0.0}, {"recon": 0.47520003467798233, "vae_recon": 0.35899047553539276, "kl": 20.122107982635498, "temporal": 0.17988625913858414, "aggregate": 0.0}, {"recon": 0.45065154135227203, "vae_recon": 0.3559900298714638, "kl": 24.25418758392334, "temporal": 0.18494951725006104, "aggregate": 0.0}, {"recon": 0.42304760962724686, "vae_recon": 0.349262036383152, "kl": 25.105216026306152, "temporal": 0.18024514615535736, "aggregate": 0.0}, {"recon": 0.4303235560655594, "vae_recon": 0.3392493352293968, "kl": 23.123358726501465, "temporal": 0.1742304004728794, "aggregate": 0.0}, {"recon": 0.4424714371562004, "vae_recon": 0.322266086935997, "kl": 23.857890129089355, "temporal": 0.17652953788638115, "aggregate": 0.0}, {"recon": 0.4359267055988312, "vae_recon": 0.3138827383518219, "kl": 29.01885747909546, "temporal": 0.17555882409214973, "aggregate": 0.0}, {"recon": 0.4294334575533867, "vae_recon": 0.3003159761428833, "kl": 17.315965175628662, "temporal": 0.1718149296939373, "aggregate": 0.0}, {"recon": 0.43097833544015884, "vae_recon": 0.303201362490654, "kl": 5.693530857563019, "temporal": 0.172562163323164, "aggregate": 0.0}, {"recon": 0.430166520178318, "vae_recon": 0.3026260584592819, "kl": 2.7914037704467773, "temporal": 0.17139115929603577, "aggregate": 0.0}, {"recon": 0.4354438930749893, "vae_recon": 0.29625383764505386, "kl": 2.4308798909187317, "temporal": 0.17171424627304077, "aggregate": 0.0}, {"recon": 0.4345514476299286, "vae_recon": 0.2850838676095009, "kl": 2.4499210119247437, "temporal": 0.17185990512371063, "aggregate": 0.0}, {"recon": 0.42846381664276123, "vae_recon": 0.2770315632224083, "kl": 2.4572110176086426, "temporal": 0.1707613430917263, "aggregate": 0.0}, {"recon": 0.4277738034725189, "vae_recon": 0.2696596086025238, "kl": 2.4241071939468384, "temporal": 0.17094454914331436, "aggregate": 0.0}, {"recon": 0.430556021630764, "vae_recon": 0.26989399641752243, "kl": 2.4000000953674316, "temporal": 0.17046771571040154, "aggregate": 0.0}, {"recon": 0.4344384893774986, "vae_recon": 0.2704812288284302, "kl": 2.406894862651825, "temporal": 0.1706801913678646, "aggregate": 0.0}, {"recon": 0.4328291118144989, "vae_recon": 0.2655460946261883, "kl": 2.4000000953674316, "temporal": 0.17079852521419525, "aggregate": 0.0}, {"recon": 0.4316842332482338, "vae_recon": 0.26176654919981956, "kl": 2.4000000953674316, "temporal": 0.17112019285559654, "aggregate": 0.0}, {"recon": 0.43025705218315125, "vae_recon": 0.25814083591103554, "kl": 2.407898724079132, "temporal": 0.17090434581041336, "aggregate": 0.0}, {"recon": 0.4309275671839714, "vae_recon": 0.25416966900229454, "kl": 2.4021132588386536, "temporal": 0.17104319110512733, "aggregate": 0.0}, {"recon": 0.4320814907550812, "vae_recon": 0.2530963011085987, "kl": 2.4000000953674316, "temporal": 0.17084025219082832, "aggregate": 0.0}, {"recon": 0.4322586879134178, "vae_recon": 0.25563253089785576, "kl": 2.4000000953674316, "temporal": 0.17088094726204872, "aggregate": 0.0}, {"recon": 0.43185728043317795, "vae_recon": 0.2521818019449711, "kl": 2.401301324367523, "temporal": 0.17101172357797623, "aggregate": 0.0}, {"recon": 0.43195029348134995, "vae_recon": 0.25080666318535805, "kl": 2.400481939315796, "temporal": 0.17048318311572075, "aggregate": 0.0}, {"recon": 0.43154264241456985, "vae_recon": 0.24950184300541878, "kl": 2.4000000953674316, "temporal": 0.170622818171978, "aggregate": 0.0}, {"recon": 0.43241267651319504, "vae_recon": 0.2502005584537983, "kl": 2.4000000953674316, "temporal": 0.17083261534571648, "aggregate": 0.0}, {"recon": 0.43167148530483246, "vae_recon": 0.2498633712530136, "kl": 2.4000000953674316, "temporal": 0.1704484447836876, "aggregate": 0.0}, {"recon": 0.4307641014456749, "vae_recon": 0.2480839565396309, "kl": 2.4000000953674316, "temporal": 0.17047782614827156, "aggregate": 0.0}, {"recon": 0.430699460208416, "vae_recon": 0.2483856864273548, "kl": 2.4000000953674316, "temporal": 0.17044492810964584, "aggregate": 0.0}, {"recon": 0.43082768470048904, "vae_recon": 0.2479756623506546, "kl": 2.4000000953674316, "temporal": 0.17019673436880112, "aggregate": 0.0}, {"recon": 0.43181800842285156, "vae_recon": 0.24866890534758568, "kl": 2.4000000953674316, "temporal": 0.17089231684803963, "aggregate": 0.0}, {"recon": 0.43120330572128296, "vae_recon": 0.24774983897805214, "kl": 2.4000000953674316, "temporal": 0.17047898098826408, "aggregate": 0.0}, {"recon": 0.4312555491924286, "vae_recon": 0.24788639321923256, "kl": 2.4000000953674316, "temporal": 0.17035239562392235, "aggregate": 0.0}, {"recon": 0.43161969631910324, "vae_recon": 0.24808841571211815, "kl": 2.4000000953674316, "temporal": 0.1706850230693817, "aggregate": 0.0}, {"recon": 0.4308999851346016, "vae_recon": 0.24637234210968018, "kl": 2.4000000953674316, "temporal": 0.17055320739746094, "aggregate": 0.0}, {"recon": 0.4315195530653, "vae_recon": 0.2464783377945423, "kl": 2.4000000953674316, "temporal": 0.1708722934126854, "aggregate": 0.0}, {"recon": 0.43099091202020645, "vae_recon": 0.24537280201911926, "kl": 2.407955586910248, "temporal": 0.17064904794096947, "aggregate": 0.0}, {"recon": 0.4315241351723671, "vae_recon": 0.24593669921159744, "kl": 2.4007411003112793, "temporal": 0.17063556239008904, "aggregate": 0.0}, {"recon": 0.43150901794433594, "vae_recon": 0.24483224377036095, "kl": 2.4000000953674316, "temporal": 0.17079761251807213, "aggregate": 0.0}, {"recon": 0.4315863698720932,